{"stats":{"minecraft:custom":{"minecraft:interact_with_furnace":25,"minecraft:mob_kills":21,"minecraft:interact_with_crafting_table":10,"minecraft:open_barrel":1,"minecraft:leave_game":1,"minecraft:time_since_death":12051,"minecraft:time_since_rest":11388,"minecraft:sprint_one_cm":92158,"minecraft:damage_taken":1252,"minecraft:walk_one_cm":97825,"minecraft:drop":39,"minecraft:damage_dealt":4234,"minecraft:swim_one_cm":5833,"minecraft:fly_one_cm":102709,"minecraft:player_kills":2,"minecraft:open_chest":5,"minecraft:crouch_one_cm":9516,"minecraft:play_time":65627,"tombstone:undead_killed":9,"minecraft:deaths":4,"minecraft:sneak_time":2019,"minecraft:walk_under_water_one_cm":5053,"minecraft:jump":884,"minecraft:walk_on_water_one_cm":5900,"minecraft:total_world_time":65627,"minecraft:fall_one_cm":26179},"minecraft:used":{"the_awakening_of_the_elder_souls:ruby_sword":11,"minecraft:oak_planks":4,"ancient_elements:wooden_hammer":47,"minecraft:spruce_planks":6,"travelersbackpack:bat":6,"minecraft:torch":2,"ancient_elements:obsidian_hammer":4,"minecraft:crafting_table":2,"minecraft:obsidian":4,"minecraft:wooden_axe":8,"ancient_elements:stone_hammer":212,"minecraft:lava_bucket":12,"tombstone:grave_key":3,"minecraft:stone_axe":6,"minecraft:cobblestone":25,"minecraft:furnace":2,"minecraft:bucket":11,"minecraft:andesite":7,"tombstone:gift":5,"alexsmobs:animal_dictionary":2,"minecraft:cobbled_deepslate":82},"minecraft:picked_up":{"irons_spellbooks:scroll":1,"minecraft:stripped_oak_log":1,"minecraft:crafting_table":2,"minecraft:magma_block":3,"travelersbackpack:bat":4,"mekanism:raw_lead":5,"mekanism:raw_uranium":17,"minecraft:andesite":15,"minecraft:brown_wool":1,"minecraft:gold_block":6,"minecraft:potato":2,"ancient_elements:raw_lead":4,"minecraft:tuff":19,"create:raw_zinc":17,"tombstone:gift":1,"minecraft:raw_copper":22,"minecraft:bone":6,"minecraft:blackstone":1,"minecraft:gold_nugget":3,"minecraft:raw_gold":6,"minecraft:cobbled_deepslate":273,"alexsmobs:cockroach_wing_fragment":2,"minecraft:spruce_planks":2,"the_awakening_of_the_elder_souls:rainbow_gem":27,"minecraft:oak_planks":5,"minecraft:furnace":1,"minecraft:stick":8,"minecraft:raw_iron":33,"ancient_elements:raw_steel":7,"minecraft:dripstone_block":11,"minecraft:lava_bucket":1,"minecraft:porkchop":1,"ancient_elements:raw_tin":5,"minecraft:spruce_sapling":10,"tombstone:grave_dust":5,"minecraft:diorite":30,"minecraft:spruce_log":19,"minecraft:crying_obsidian":1,"mekanism:raw_osmium":29,"mekanism:raw_tin":62,"minecraft:arrow":3,"minecraft:rotten_flesh":3,"minecraft:diamond":62,"mekanism:fluorite_gem":40,"minecraft:emerald":1,"minecraft:netherrack":7,"minecraft:obsidian":27,"the_awakening_of_the_elder_souls:ruby":13,"minecraft:mutton":5,"minecraft:coal":138,"minecraft:white_wool":3,"iceandfire:raw_silver":2,"minecraft:cobblestone":818},"minecraft:killed_by":{"minecraft:player":1},"minecraft:dropped":{"ancient_elements:wooden_hammer":1,"minecraft:cobbled_deepslate":77,"minecraft:diamond":31,"minecraft:tuff":19,"minecraft:raw_iron":8,"minecraft:cobblestone":320,"minecraft:rotten_flesh":3,"ancient_elements:stone_hammer":3,"ancient_elements:raw_lead":4,"irons_spellbooks:scroll":1,"patchouli:guide_book":1,"ancient_elements:raw_tin":5,"minecraft:emerald":1,"minecraft:stick":3,"minecraft:potato":1,"alexsmobs:cockroach_wing_fragment":2,"minecraft:diorite":1,"minecraft:spruce_planks":4,"minecraft:wooden_axe":1,"minecraft:andesite":8,"minecraft:brown_wool":1,"minecraft:raw_gold":6,"minecraft:spruce_sapling":10,"minecraft:bone":3},"minecraft:crafted":{"minecraft:cooked_porkchop":1,"ancient_elements:obsidian_helmet":1,"minecraft:crafting_table":1,"minecraft:spruce_planks":28,"minecraft:furnace":1,"minecraft:stone_axe":1,"ancient_elements:obsidian_hammer":1,"minecraft:cooked_mutton":5,"minecraft:air":0,"the_awakening_of_the_elder_souls:ruby_sword":1,"ancient_elements:wooden_hammer":1,"the_awakening_of_the_elder_souls:ruby_armor_chestplate":1,"ancient_elements:obsidian_boots":1,"ancient_elements:obsidian_leggings":1,"minecraft:stick":16,"minecraft:iron_ingot":8,"minecraft:wooden_axe":1,"minecraft:gold_ingot":0,"ancient_elements:stone_hammer":3,"minecraft:torch":16,"ancient_elements:obsidian_ingot":0},"minecraft:mined":{"minecraft:tuff":2,"minecraft:spruce_planks":1,"mekanism:osmium_ore":1,"minecraft:blackstone":1,"ancient_elements:lead_ore":1,"mekanism:deepslate_osmium_ore":2,"minecraft:crafting_table":2,"mekanism:tin_ore":11,"ancient_elements:deepslate_tin_ore":1,"minecraft:cobblestone":4,"minecraft:oak_planks":7,"minecraft:polished_blackstone_bricks":1,"minecraft:diorite":1,"travelersbackpack:bat":4,"minecraft:furnace":1,"minecraft:fire":3,"mekanism:fluorite_ore":1,"minecraft:iron_ore":4,"minecraft:cobbled_deepslate":6,"minecraft:andesite":6,"treechop:chopped_log":3,"mekanism:deepslate_tin_ore":2,"minecraft:coal_ore":21,"minecraft:deepslate_iron_ore":2,"minecraft:gravel":2,"mekanism:deepslate_fluorite_ore":2,"minecraft:dripstone_block":1,"minecraft:stripped_oak_log":1,"mekanism:deepslate_uranium_ore":3,"minecraft:stone":85,"minecraft:netherrack":1,"minecraft:deepslate":55},"minecraft:killed":{"minecraft:pig":2,"alexsmobs:crimson_mosquito":2,"minecraft:creeper":2,"minecraft:skeleton":4,"minecraft:sheep":8,"mekanismadditions:baby_skeleton":2,"minecraft:zombie":12,"alexsmobs:cockroach":4,"minecraft:player":2,"minecraft:piglin_brute":2}},"DataVersion":3465}