{"stats":{"minecraft:picked_up":{"alexsmobs:bison_fur":8,"minecraft:spruce_sapling":4,"minecraft:spruce_log":8,"tombstone:grave_dust":1,"minecraft:string":1,"minecraft:spider_eye":1,"minecraft:dirt":8,"minecraft:arrow":1,"minecraft:bone":1,"irons_spellbooks:arcane_essence":1,"minecraft:beef":21,"minecraft:cobblestone":16},"minecraft:used":{"minecraft:iron_sword":35,"minecraft:dirt":5,"minecraft:furnace":1,"minecraft:cooked_beef":8},"minecraft:crafted":{"minecraft:cooked_beef":22,"minecraft:spruce_planks":32,"minecraft:spruce_slab":60,"minecraft:stick":4,"minecraft:iron_pickaxe":2,"minecraft:furnace":1,"minecraft:air":0},"minecraft:dropped":{"minecraft:iron_pickaxe":1},"minecraft:custom":{"minecraft:time_since_rest":16792,"minecraft:interact_with_furnace":8,"minecraft:sprint_one_cm":47021,"minecraft:damage_taken":696,"minecraft:walk_one_cm":56518,"minecraft:mob_kills":12,"minecraft:drop":1,"minecraft:damage_dealt":1897,"minecraft:interact_with_crafting_table":8,"minecraft:fly_one_cm":79184,"minecraft:open_chest":2,"minecraft:crouch_one_cm":525,"minecraft:play_time":16792,"tombstone:undead_killed":6,"minecraft:sneak_time":237,"minecraft:jump":308,"minecraft:time_since_death":16792,"minecraft:climb_one_cm":1499,"minecraft:total_world_time":16792,"minecraft:interact_with_smoker":4,"minecraft:fall_one_cm":9630},"minecraft:killed":{"minecraft:skeleton":2,"minecraft:zombie":4,"irons_spellbooks:summoned_zombie":2,"knightquest:eldbomb":2,"minecraft:spider":2,"alexsmobs:bison":6,"mekanismadditions:baby_stray":2,"irons_spellbooks:necromancer":2,"minecraft:creeper":2},"minecraft:mined":{"minecraft:dark_oak_planks":1,"treechop:chopped_log":1,"minecraft:grass_block":4,"minecraft:dirt":7}},"DataVersion":3465}