{"stats":{"minecraft:picked_up":{"irons_spellbooks:scroll":4,"minecraft:brown_mushroom":64,"alexsmobs:bison_fur":8,"minecraft:enchanted_book":1,"minecraft:blue_bed":2,"minecraft:dirt":14,"minecraft:string":1,"tombstone:gift":1,"minecraft:cooked_mutton":2,"minecraft:item_frame":2,"minecraft:bone":6,"irons_spellbooks:arcane_essence":3,"minecraft:beef":21,"minecraft:iron_ingot":2,"minecraft:sugar_cane":11,"irons_spellbooks:frozen_bone":3,"minecraft:pumpkin":1,"minecraft:lava_bucket":1,"minecraft:spruce_sapling":4,"tombstone:grave_dust":1,"minecraft:spruce_log":8,"mekanism:raw_osmium":11,"minecraft:spider_eye":1,"minecraft:bundle":1,"minecraft:arrow":3,"minecraft:rotten_flesh":1,"minecraft:beetroot_seeds":2,"minecraft:iron_block":2,"minecraft:emerald":1,"minecraft:gold_ingot":7,"minecraft:bread":3,"minecraft:coal":45,"minecraft:snowball":8,"minecraft:cobblestone":30},"minecraft:killed":{"irons_spellbooks:summoned_zombie":4,"knightquest:eldbomb":2,"minecraft:spider":2,"irons_spellbooks:cryomancer":2,"mekanismadditions:baby_stray":2,"irons_spellbooks:necromancer":6,"minecraft:creeper":2,"minecraft:skeleton":2,"minecraft:zombie":4,"minecraft:mooshroom":2,"alexsmobs:bison":6,"minecraft:snow_golem":2,"irons_spellbooks:summoned_skeleton":2},"minecraft:used":{"minecraft:iron_sword":93,"minecraft:blue_bed":1,"minecraft:dirt":5,"minecraft:lava_bucket":3,"minecraft:iron_pickaxe":73,"minecraft:item_frame":3,"minecraft:furnace":1,"minecraft:bucket":3,"tombstone:gift":2,"minecraft:cooked_beef":18},"minecraft:crafted":{"minecraft:cooked_beef":22,"minecraft:spruce_planks":32,"minecraft:furnace":1,"minecraft:air":0,"minecraft:spruce_slab":60,"minecraft:stick":4,"minecraft:iron_pickaxe":2},"minecraft:custom":{"minecraft:interact_with_furnace":12,"minecraft:mob_kills":19,"minecraft:interact_with_crafting_table":8,"minecraft:open_barrel":2,"minecraft:damage_dealt_resisted":2130,"minecraft:time_since_death":40597,"minecraft:sleep_in_bed":2,"minecraft:climb_one_cm":1691,"minecraft:time_since_rest":7373,"minecraft:sprint_one_cm":223571,"minecraft:damage_taken":1559,"minecraft:walk_one_cm":91098,"minecraft:drop":14,"minecraft:damage_dealt":3383,"minecraft:swim_one_cm":4275,"minecraft:fly_one_cm":199593,"minecraft:open_chest":34,"minecraft:crouch_one_cm":1234,"minecraft:play_time":40597,"tombstone:undead_killed":10,"minecraft:sneak_time":567,"minecraft:walk_under_water_one_cm":814,"minecraft:boat_one_cm":8700,"minecraft:jump":865,"minecraft:walk_on_water_one_cm":1908,"minecraft:interact_with_smoker":6,"minecraft:total_world_time":40597,"minecraft:fall_one_cm":20792,"minecraft:inspect_dispenser":2},"minecraft:dropped":{"minecraft:enchanted_book":1,"irons_spellbooks:scroll":5,"minecraft:beetroot_seeds":7,"tombstone:grave_dust":1,"minecraft:spider_eye":1,"minecraft:iron_pickaxe":1,"minecraft:string":1,"minecraft:bone":6},"minecraft:mined":{"minecraft:dark_oak_planks":1,"mekanism:osmium_ore":11,"minecraft:grass_block":5,"minecraft:sugar_cane":5,"minecraft:blue_bed":2,"minecraft:iron_ore":1,"minecraft:pumpkin":1,"treechop:chopped_log":1,"minecraft:coal_ore":46,"minecraft:dirt":12,"minecraft:stone":11,"minecraft:iron_block":2,"minecraft:deepslate":2}},"DataVersion":3465}