{"stats":{"minecraft:picked_up":{"irons_spellbooks:frozen_bone":3,"minecraft:lava_bucket":1,"alexsmobs:bison_fur":8,"minecraft:spruce_sapling":4,"minecraft:spruce_log":8,"tombstone:grave_dust":1,"mekanism:raw_osmium":9,"minecraft:blue_bed":1,"minecraft:string":1,"minecraft:spider_eye":1,"minecraft:dirt":14,"minecraft:item_frame":2,"minecraft:cooked_mutton":2,"minecraft:arrow":3,"minecraft:bone":2,"minecraft:beetroot_seeds":2,"irons_spellbooks:arcane_essence":2,"minecraft:iron_ingot":2,"minecraft:beef":21,"minecraft:iron_block":2,"minecraft:emerald":1,"minecraft:gold_ingot":4,"minecraft:bread":3,"minecraft:coal":42,"minecraft:snowball":8,"minecraft:cobblestone":28},"minecraft:used":{"minecraft:iron_pickaxe":66,"minecraft:iron_sword":76,"minecraft:item_frame":3,"minecraft:dirt":5,"minecraft:furnace":1,"minecraft:cooked_beef":13},"minecraft:crafted":{"minecraft:cooked_beef":22,"minecraft:spruce_planks":32,"minecraft:spruce_slab":60,"minecraft:stick":4,"minecraft:iron_pickaxe":2,"minecraft:furnace":1,"minecraft:air":0},"minecraft:dropped":{"minecraft:beetroot_seeds":7,"minecraft:spider_eye":1,"tombstone:grave_dust":1,"minecraft:iron_pickaxe":1,"minecraft:string":1},"minecraft:custom":{"minecraft:time_since_rest":9079,"minecraft:interact_with_furnace":12,"minecraft:sprint_one_cm":130965,"minecraft:damage_taken":1325,"minecraft:walk_one_cm":77627,"minecraft:mob_kills":16,"minecraft:drop":5,"minecraft:damage_dealt":2682,"minecraft:interact_with_crafting_table":8,"minecraft:fly_one_cm":131031,"minecraft:open_barrel":2,"minecraft:open_chest":17,"minecraft:crouch_one_cm":717,"minecraft:play_time":28792,"tombstone:undead_killed":9,"minecraft:sneak_time":311,"minecraft:boat_one_cm":8700,"minecraft:damage_dealt_resisted":2044,"minecraft:jump":570,"minecraft:sleep_in_bed":1,"minecraft:time_since_death":28792,"minecraft:climb_one_cm":1499,"minecraft:total_world_time":28792,"minecraft:interact_with_smoker":5,"minecraft:fall_one_cm":13826,"minecraft:inspect_dispenser":1},"minecraft:killed":{"minecraft:skeleton":2,"minecraft:zombie":4,"irons_spellbooks:summoned_zombie":4,"knightquest:eldbomb":2,"minecraft:spider":2,"alexsmobs:bison":6,"minecraft:snow_golem":2,"mekanismadditions:baby_stray":2,"irons_spellbooks:summoned_skeleton":2,"irons_spellbooks:necromancer":4,"minecraft:creeper":2},"minecraft:mined":{"minecraft:dark_oak_planks":1,"mekanism:osmium_ore":9,"treechop:chopped_log":1,"minecraft:coal_ore":43,"minecraft:grass_block":5,"minecraft:dirt":12,"minecraft:iron_block":2,"minecraft:stone":10,"minecraft:deepslate":2,"minecraft:blue_bed":1}},"DataVersion":3465}