{"stats":{"minecraft:picked_up":{"irons_spellbooks:scroll":9,"minecraft:crafting_table":1,"minecraft:azure_bluet":3,"mekanism:raw_uranium":16,"minecraft:brown_mushroom":65,"minecraft:enchanted_book":3,"ancient_elements:music_disc_luminous":1,"minecraft:string":12,"minecraft:raw_copper":31,"minecraft:item_frame":2,"ancient_elements:meteorite_block":13,"irons_spellbooks:arcane_essence":12,"minecraft:cobbled_deepslate":127,"minecraft:beef":43,"ancient_elements:nocturnal_crystal_block":1,"minecraft:poppy":9,"minecraft:sugar_cane":13,"minecraft:furnace":1,"minecraft:raw_iron":110,"ancient_elements:verdant_viridium_shard":1,"ancient_elements:raw_tin":6,"tombstone:grave_dust":4,"minecraft:redstone":42,"mekanism:raw_tin":6,"ancient_elements:cerulean_shard":5,"ancient_elements:nocturnal_shard":3,"ancient_elements:reflectine":176,"irons_spellbooks:evocation_rune":1,"minecraft:arrow":8,"minecraft:rotten_flesh":13,"minecraft:beetroot_seeds":2,"alexscaves:spelunkery_table":1,"minecraft:iron_block":2,"minecraft:totem_of_undying":1,"minecraft:gold_ingot":9,"tombstone:essence_of_undeath":1,"minecraft:obsidian":26,"minecraft:snowball":8,"minecraft:skeleton_skull":1,"minecraft:cobblestone":1225,"minecraft:oxeye_daisy":2,"minecraft:pink_petals":34,"minecraft:cooked_beef":121,"minecraft:glow_ink_sac":1,"mekanism:raw_lead":7,"minecraft:andesite":1,"minecraft:potato":1,"alexsmobs:bison_fur":26,"ancient_elements:raw_lead":4,"minecraft:tuff":4,"create:raw_zinc":5,"minecraft:oak_log":15,"minecraft:gunpowder":3,"minecraft:dirt":86,"minecraft:blue_bed":4,"tombstone:gift":1,"irons_spellbooks:rare_ink":2,"minecraft:cooked_mutton":2,"minecraft:bone":10,"minecraft:wheat_seeds":2,"minecraft:raw_gold":8,"create_new_age:magnetite_block":4,"ancient_elements:raw_meteorite":15,"minecraft:iron_ingot":3,"ancient_elements:cerulean_slimeball":4,"ironfurnaces:iron_furnace":1,"minecraft:iron_sword":2,"irons_spellbooks:frozen_bone":3,"minecraft:pumpkin":1,"minecraft:raw_iron_block":1,"minecraft:lava_bucket":1,"minecraft:spruce_sapling":10,"minecraft:spruce_log":8,"mekanism:raw_osmium":23,"minecraft:spider_eye":2,"minecraft:bundle":3,"travelersbackpack:standard":2,"irons_spellbooks:magehunter":1,"minecraft:diamond":3,"mekanism:fluorite_gem":4,"knightquest:small_essence":4,"minecraft:golden_apple":2,"naturescompass:naturescompass":1,"minecraft:bread":3,"minecraft:emerald":2,"the_awakening_of_the_elder_souls:ruby":24,"minecraft:coal":252,"refinedstorage:creative_storage_disk":1},"minecraft:killed":{"minecraft:cave_spider":20,"ancient_elements:cerulean_crystal_slime":4,"irons_spellbooks:summoned_zombie":4,"minecraft:spider":4,"minecraft:vindicator":4,"ancient_elements:verdant_viridium_crystal_slime":2,"irons_spellbooks:cryomancer":2,"mekanismadditions:baby_stray":2,"minecraft:skeleton":18,"mekanismadditions:baby_skeleton":4,"alexsmobs:bison":24,"minecraft:drowned":2,"minecraft:snow_golem":2,"irons_spellbooks:archevoker":2,"irons_spellbooks:summoned_skeleton":2,"knightquest:eldbomb":2,"irons_spellbooks:necromancer":8,"minecraft:creeper":8,"irons_spellbooks:summoned_vex":6,"minecraft:zombie":28,"minecraft:mooshroom":2,"cataclysm:deepling":2,"the_awakening_of_the_elder_souls:golden_witch":4,"minecraft:player":1},"minecraft:used":{"ironfurnaces:gold_furnace":1,"minecraft:iron_sword":270,"minecraft:torch":100,"minecraft:dirt":36,"minecraft:obsidian":10,"minecraft:lava_bucket":54,"mekanismgenerators:heat_generator":1,"minecraft:item_frame":3,"ironfurnaces:iron_furnace":1,"minecraft:furnace":2,"tombstone:gift":3,"minecraft:cooked_beef":97,"minecraft:cobbled_deepslate":12,"refinedstorage:disk_drive":1,"refinedstorage:storage_monitor":1,"minecraft:blue_bed":3,"ancient_elements:iron_hammer":250,"refinedstorage:pattern_grid":2,"the_awakening_of_the_elder_souls:ruby_armor_boots":1,"refinedstorage:red_creative_controller":3,"refinedstorage:cable":3,"minecraft:bread":8,"mekanism:metallurgic_infuser":1,"minecraft:iron_pickaxe":251,"refinedstorage:black_disk_manipulator":1,"minecraft:pink_petals":32,"refinedstorage:yellow_grid":1,"minecraft:cobblestone":20,"irons_spellbooks:magehunter":2,"travelersbackpack:standard":3,"refinedstorage:creative_storage_block":3,"minecraft:bucket":54},"minecraft:crafted":{"minecraft:oak_planks":44,"minecraft:raw_iron":9,"ironfurnaces:gold_furnace":1,"mekanism:ingot_osmium":2,"minecraft:furnace":5,"ironfurnaces:iron_furnace":1,"mekanismgenerators:heat_generator":1,"minecraft:iron_axe":1,"the_awakening_of_the_elder_souls:ruby_armor_boots":1,"minecraft:spruce_slab":60,"minecraft:cooked_beef":22,"mekanism:metallurgic_infuser":1,"minecraft:spruce_planks":32,"minecraft:copper_ingot":2,"minecraft:gold_block":1,"minecraft:air":0,"the_awakening_of_the_elder_souls:ruby_armor_helmet":1,"the_awakening_of_the_elder_souls:ruby_armor_chestplate":1,"naturescompass:naturescompass":1,"minecraft:stick":36,"minecraft:iron_ingot":27,"minecraft:compass":1,"minecraft:iron_pickaxe":2,"minecraft:gold_ingot":0,"ancient_elements:iron_hammer":1,"the_awakening_of_the_elder_souls:ruby_armor_leggings":1,"minecraft:torch":96},"minecraft:custom":{"minecraft:mob_kills":80,"minecraft:interact_with_crafting_table":22,"minecraft:open_barrel":21,"minecraft:damage_dealt_resisted":2130,"minecraft:time_since_death":118507,"minecraft:climb_one_cm":3297,"minecraft:sprint_one_cm":782150,"minecraft:walk_one_cm":290162,"minecraft:drop":51,"minecraft:talked_to_villager":4,"minecraft:play_time":214597,"minecraft:deaths":1,"minecraft:sneak_time":7600,"minecraft:walk_under_water_one_cm":33476,"minecraft:boat_one_cm":8700,"minecraft:jump":3477,"minecraft:interact_with_blast_furnace":17,"minecraft:walk_on_water_one_cm":45148,"minecraft:total_world_time":214597,"minecraft:interact_with_furnace":20,"tombstone:raider_killed":2,"minecraft:interact_with_loom":1,"minecraft:sleep_in_bed":5,"minecraft:time_since_rest":23325,"minecraft:damage_taken":9565,"minecraft:damage_dealt":12856,"minecraft:player_kills":1,"minecraft:fly_one_cm":738348,"minecraft:swim_one_cm":27931,"minecraft:open_chest":141,"minecraft:crouch_one_cm":9782,"tombstone:undead_killed":34,"minecraft:interact_with_smoker":7,"minecraft:fall_one_cm":107356,"minecraft:inspect_dispenser":2},"minecraft:broken":{"ancient_elements:iron_hammer":1,"minecraft:iron_helmet":1},"minecraft:dropped":{"naturescompass:naturescompass":2,"minecraft:enchanted_book":2,"minecraft:iron_sword":2,"minecraft:brown_mushroom":1,"minecraft:cooked_beef":41,"minecraft:cobblestone":320,"ancient_elements:reflectine":46,"minecraft:stick":2,"irons_spellbooks:scroll":12,"minecraft:snowball":16,"tombstone:grave_dust":1,"minecraft:iron_pickaxe":1,"minecraft:string":1,"create:raw_zinc":1,"minecraft:bone":7,"minecraft:cobbled_deepslate":12,"minecraft:tuff":3,"minecraft:rotten_flesh":2,"minecraft:azure_bluet":1,"ancient_elements:raw_tin":6,"create_new_age:magnetite_block":2,"minecraft:gunpowder":2,"minecraft:skeleton_skull":1,"minecraft:andesite":1,"minecraft:beetroot_seeds":7,"minecraft:spider_eye":1,"minecraft:arrow":1,"minecraft:beef":8},"minecraft:mined":{"minecraft:dark_oak_planks":1,"alexscaves:spelunkery_table":1,"create:deepslate_zinc_ore":1,"minecraft:tuff":17,"ancient_elements:lead_ore":4,"minecraft:mossy_cobblestone":1,"minecraft:deepslate_diamond_ore":1,"mekanism:deepslate_osmium_ore":1,"travelersbackpack:red_sleeping_bag":1,"minecraft:grass_block":22,"ancient_elements:meteorite_block":3,"minecraft:oxeye_daisy":1,"minecraft:spawner":5,"minecraft:redstone_ore":4,"minecraft:magma_block":1,"minecraft:furnace":1,"minecraft:iron_ore":32,"minecraft:barrel":1,"minecraft:fire":2,"minecraft:andesite":1,"ancient_elements:tin_ore":2,"treechop:chopped_log":1,"minecraft:pumpkin":1,"minecraft:azure_bluet":3,"minecraft:deepslate_iron_ore":13,"ancient_elements:reflectine":25,"minecraft:stone":150,"minecraft:iron_block":2,"minecraft:podzol":2,"minecraft:deepslate_redstone_ore":5,"mekanism:osmium_ore":12,"travelersbackpack:standard":1,"ironfurnaces:iron_furnace":1,"minecraft:crafting_table":1,"minecraft:poppy":9,"ancient_elements:nocturnal_crystal_block":1,"mekanism:tin_ore":1,"minecraft:copper_ore":1,"minecraft:tall_grass":2,"minecraft:cobblestone":7,"minecraft:deepslate_gold_ore":3,"minecraft:sugar_cane":6,"minecraft:blue_bed":2,"minecraft:pink_petals":3,"mekanism:fluorite_ore":1,"ancient_elements:cerulean_clust":1,"minecraft:grass":10,"mekanism:deepslate_tin_ore":1,"minecraft:coal_ore":79,"mekanism:lead_ore":7,"ancient_elements:nocturnal_clust":1,"minecraft:dirt":17,"minecraft:cobweb":2,"mekanism:deepslate_uranium_ore":5,"minecraft:cracked_stone_bricks":2,"minecraft:stone_bricks":1,"minecraft:gold_ore":2,"minecraft:deepslate":100,"minecraft:fern":1}},"DataVersion":3465}