{"stats":{"minecraft:picked_up":{"irons_spellbooks:scroll":9,"minecraft:crafting_table":1,"minecraft:azure_bluet":3,"mekanism:raw_uranium":4,"minecraft:brown_mushroom":65,"minecraft:enchanted_book":3,"minecraft:string":1,"minecraft:item_frame":2,"ancient_elements:meteorite_block":13,"irons_spellbooks:arcane_essence":12,"minecraft:cobbled_deepslate":9,"minecraft:beef":43,"minecraft:poppy":9,"minecraft:sugar_cane":13,"minecraft:raw_iron":26,"tombstone:grave_dust":2,"minecraft:redstone":42,"mekanism:raw_tin":1,"irons_spellbooks:evocation_rune":1,"minecraft:arrow":8,"minecraft:rotten_flesh":11,"minecraft:beetroot_seeds":2,"minecraft:iron_block":2,"minecraft:totem_of_undying":1,"minecraft:gold_ingot":9,"tombstone:essence_of_undeath":1,"minecraft:obsidian":26,"minecraft:snowball":8,"minecraft:skeleton_skull":1,"minecraft:cobblestone":59,"minecraft:oxeye_daisy":2,"minecraft:cooked_beef":121,"mekanism:raw_lead":7,"minecraft:andesite":1,"minecraft:potato":1,"alexsmobs:bison_fur":26,"ancient_elements:raw_lead":4,"create:raw_zinc":1,"minecraft:oak_log":15,"minecraft:gunpowder":2,"minecraft:dirt":36,"minecraft:blue_bed":2,"tombstone:gift":1,"irons_spellbooks:rare_ink":2,"minecraft:cooked_mutton":2,"minecraft:bone":10,"minecraft:raw_gold":4,"ancient_elements:raw_meteorite":15,"minecraft:iron_ingot":3,"minecraft:iron_sword":2,"irons_spellbooks:frozen_bone":3,"minecraft:pumpkin":1,"minecraft:lava_bucket":1,"minecraft:spruce_sapling":10,"minecraft:spruce_log":8,"mekanism:raw_osmium":12,"minecraft:spider_eye":1,"minecraft:bundle":3,"travelersbackpack:standard":1,"irons_spellbooks:magehunter":1,"mekanism:fluorite_gem":4,"knightquest:small_essence":3,"minecraft:golden_apple":2,"naturescompass:naturescompass":1,"minecraft:bread":3,"minecraft:emerald":2,"minecraft:coal":61,"refinedstorage:creative_storage_disk":1},"minecraft:killed":{"irons_spellbooks:summoned_zombie":4,"minecraft:spider":4,"minecraft:vindicator":4,"irons_spellbooks:cryomancer":2,"mekanismadditions:baby_stray":2,"minecraft:skeleton":8,"mekanismadditions:baby_skeleton":4,"alexsmobs:bison":24,"minecraft:drowned":2,"minecraft:snow_golem":2,"irons_spellbooks:archevoker":2,"irons_spellbooks:summoned_skeleton":2,"knightquest:eldbomb":2,"irons_spellbooks:necromancer":8,"minecraft:creeper":6,"irons_spellbooks:summoned_vex":6,"minecraft:zombie":20,"minecraft:mooshroom":2,"cataclysm:deepling":2,"the_awakening_of_the_elder_souls:golden_witch":4,"minecraft:player":1},"minecraft:used":{"minecraft:iron_sword":210,"minecraft:torch":99,"minecraft:dirt":5,"minecraft:lava_bucket":54,"minecraft:item_frame":3,"minecraft:furnace":1,"tombstone:gift":3,"minecraft:cooked_beef":53,"refinedstorage:disk_drive":1,"refinedstorage:storage_monitor":1,"minecraft:blue_bed":1,"ancient_elements:iron_hammer":14,"refinedstorage:pattern_grid":2,"refinedstorage:red_creative_controller":3,"refinedstorage:cable":3,"minecraft:bread":8,"minecraft:iron_pickaxe":165,"refinedstorage:black_disk_manipulator":1,"refinedstorage:yellow_grid":1,"minecraft:cobblestone":6,"irons_spellbooks:magehunter":2,"travelersbackpack:standard":1,"refinedstorage:creative_storage_block":3,"minecraft:bucket":54},"minecraft:crafted":{"minecraft:oak_planks":44,"minecraft:furnace":1,"minecraft:iron_axe":1,"minecraft:spruce_slab":60,"minecraft:cooked_beef":22,"minecraft:spruce_planks":32,"minecraft:air":0,"naturescompass:naturescompass":1,"minecraft:stick":36,"minecraft:iron_ingot":2,"minecraft:compass":1,"minecraft:iron_pickaxe":2,"ancient_elements:iron_hammer":1,"minecraft:torch":96},"minecraft:custom":{"minecraft:mob_kills":56,"minecraft:interact_with_crafting_table":12,"minecraft:open_barrel":20,"minecraft:damage_dealt_resisted":2130,"minecraft:time_since_death":34507,"minecraft:climb_one_cm":2571,"minecraft:sprint_one_cm":477651,"minecraft:walk_one_cm":176770,"minecraft:drop":38,"minecraft:play_time":130597,"minecraft:deaths":1,"minecraft:sneak_time":5548,"minecraft:walk_under_water_one_cm":30240,"minecraft:boat_one_cm":8700,"minecraft:jump":2106,"minecraft:interact_with_blast_furnace":3,"minecraft:walk_on_water_one_cm":37031,"minecraft:total_world_time":130597,"minecraft:interact_with_furnace":12,"tombstone:raider_killed":2,"minecraft:sleep_in_bed":2,"minecraft:time_since_rest":34130,"minecraft:damage_taken":5212,"minecraft:damage_dealt":9694,"minecraft:player_kills":1,"minecraft:fly_one_cm":488922,"minecraft:swim_one_cm":23554,"minecraft:open_chest":53,"minecraft:crouch_one_cm":5635,"tombstone:undead_killed":25,"minecraft:interact_with_smoker":7,"minecraft:fall_one_cm":54021,"minecraft:inspect_dispenser":2},"minecraft:dropped":{"naturescompass:naturescompass":2,"minecraft:enchanted_book":2,"minecraft:iron_sword":2,"minecraft:brown_mushroom":1,"minecraft:cooked_beef":41,"minecraft:stick":2,"irons_spellbooks:scroll":12,"minecraft:snowball":16,"tombstone:grave_dust":1,"minecraft:iron_pickaxe":1,"minecraft:string":1,"create:raw_zinc":1,"minecraft:bone":7,"minecraft:rotten_flesh":2,"minecraft:azure_bluet":1,"minecraft:skeleton_skull":1,"minecraft:andesite":1,"minecraft:beetroot_seeds":7,"minecraft:spider_eye":1,"minecraft:arrow":1,"minecraft:beef":8},"minecraft:mined":{"minecraft:dark_oak_planks":1,"create:deepslate_zinc_ore":1,"ancient_elements:lead_ore":4,"minecraft:mossy_cobblestone":1,"mekanism:deepslate_osmium_ore":1,"minecraft:grass_block":9,"ancient_elements:meteorite_block":3,"minecraft:oxeye_daisy":1,"minecraft:spawner":2,"minecraft:redstone_ore":4,"minecraft:magma_block":1,"minecraft:iron_ore":27,"minecraft:barrel":1,"minecraft:fire":2,"minecraft:andesite":1,"treechop:chopped_log":1,"minecraft:pumpkin":1,"minecraft:azure_bluet":3,"minecraft:stone":18,"minecraft:iron_block":2,"minecraft:podzol":2,"minecraft:deepslate_redstone_ore":5,"mekanism:osmium_ore":11,"minecraft:crafting_table":1,"minecraft:poppy":9,"minecraft:tall_grass":2,"minecraft:cobblestone":6,"minecraft:deepslate_gold_ore":3,"minecraft:sugar_cane":6,"minecraft:blue_bed":2,"minecraft:pink_petals":1,"mekanism:fluorite_ore":1,"minecraft:grass":10,"mekanism:deepslate_tin_ore":1,"minecraft:coal_ore":62,"mekanism:lead_ore":7,"minecraft:dirt":16,"mekanism:deepslate_uranium_ore":4,"minecraft:cracked_stone_bricks":2,"minecraft:stone_bricks":1,"minecraft:gold_ore":1,"minecraft:deepslate":7,"minecraft:fern":1}},"DataVersion":3465}