{"stats":{"minecraft:picked_up":{"irons_spellbooks:scroll":5,"minecraft:crafting_table":1,"minecraft:cooked_beef":37,"mekanism:raw_lead":7,"mekanism:raw_uranium":4,"minecraft:brown_mushroom":65,"minecraft:potato":1,"alexsmobs:bison_fur":15,"minecraft:enchanted_book":1,"ancient_elements:raw_lead":4,"create:raw_zinc":1,"minecraft:oak_log":15,"minecraft:blue_bed":2,"minecraft:dirt":26,"minecraft:string":1,"tombstone:gift":1,"irons_spellbooks:rare_ink":2,"minecraft:cooked_mutton":2,"minecraft:item_frame":2,"minecraft:bone":8,"irons_spellbooks:arcane_essence":11,"minecraft:cobbled_deepslate":9,"minecraft:raw_gold":4,"minecraft:beef":21,"minecraft:iron_ingot":2,"minecraft:sugar_cane":13,"minecraft:iron_sword":2,"minecraft:raw_iron":26,"irons_spellbooks:frozen_bone":3,"minecraft:pumpkin":1,"minecraft:lava_bucket":1,"minecraft:redstone":42,"minecraft:spruce_sapling":10,"tombstone:grave_dust":2,"minecraft:spruce_log":8,"mekanism:raw_tin":1,"mekanism:raw_osmium":12,"minecraft:spider_eye":1,"irons_spellbooks:evocation_rune":1,"minecraft:bundle":2,"minecraft:arrow":6,"minecraft:rotten_flesh":9,"irons_spellbooks:magehunter":1,"minecraft:beetroot_seeds":2,"knightquest:small_essence":3,"mekanism:fluorite_gem":4,"minecraft:iron_block":2,"tombstone:essence_of_undeath":1,"minecraft:emerald":1,"minecraft:gold_ingot":7,"minecraft:bread":3,"minecraft:oxeye_daisy":1,"minecraft:skeleton_skull":1,"minecraft:coal":45,"minecraft:snowball":8,"minecraft:cobblestone":33},"minecraft:killed":{"irons_spellbooks:summoned_zombie":4,"knightquest:eldbomb":2,"minecraft:vindicator":4,"minecraft:spider":2,"irons_spellbooks:cryomancer":2,"mekanismadditions:baby_stray":2,"irons_spellbooks:necromancer":6,"minecraft:creeper":4,"minecraft:skeleton":6,"irons_spellbooks:summoned_vex":6,"minecraft:zombie":16,"minecraft:mooshroom":2,"minecraft:drowned":2,"alexsmobs:bison":8,"minecraft:snow_golem":2,"irons_spellbooks:archevoker":2,"irons_spellbooks:summoned_skeleton":2},"minecraft:used":{"minecraft:iron_sword":148,"minecraft:blue_bed":1,"minecraft:dirt":5,"minecraft:lava_bucket":26,"minecraft:bread":3,"minecraft:iron_pickaxe":145,"minecraft:item_frame":3,"travelersbackpack:standard":1,"minecraft:furnace":1,"minecraft:bucket":26,"tombstone:gift":2,"minecraft:cooked_beef":29},"minecraft:crafted":{"minecraft:cooked_beef":22,"minecraft:spruce_planks":32,"minecraft:furnace":1,"minecraft:air":0,"naturescompass:naturescompass":1,"minecraft:spruce_slab":60,"minecraft:stick":4,"minecraft:compass":1,"minecraft:iron_pickaxe":2},"minecraft:custom":{"minecraft:interact_with_furnace":12,"minecraft:mob_kills":37,"tombstone:raider_killed":2,"minecraft:interact_with_crafting_table":12,"minecraft:open_barrel":17,"minecraft:damage_dealt_resisted":2130,"minecraft:time_since_death":64597,"minecraft:sleep_in_bed":2,"minecraft:climb_one_cm":2385,"minecraft:time_since_rest":31373,"minecraft:sprint_one_cm":294836,"minecraft:damage_taken":2768,"minecraft:walk_one_cm":128545,"minecraft:drop":22,"minecraft:damage_dealt":6471,"minecraft:swim_one_cm":12324,"minecraft:fly_one_cm":275413,"minecraft:open_chest":40,"minecraft:crouch_one_cm":2506,"minecraft:play_time":64597,"tombstone:undead_killed":19,"minecraft:sneak_time":1645,"minecraft:walk_under_water_one_cm":4022,"minecraft:boat_one_cm":8700,"minecraft:jump":1268,"minecraft:walk_on_water_one_cm":12358,"minecraft:interact_with_smoker":6,"minecraft:total_world_time":64597,"minecraft:fall_one_cm":31946,"minecraft:inspect_dispenser":2},"minecraft:dropped":{"minecraft:enchanted_book":1,"minecraft:iron_sword":2,"minecraft:brown_mushroom":1,"irons_spellbooks:scroll":5,"minecraft:beetroot_seeds":7,"minecraft:snowball":16,"tombstone:grave_dust":1,"minecraft:spider_eye":1,"minecraft:arrow":1,"minecraft:iron_pickaxe":1,"minecraft:string":1,"create:raw_zinc":1,"minecraft:bone":7,"naturescompass:naturescompass":1},"minecraft:mined":{"minecraft:dark_oak_planks":1,"minecraft:deepslate_redstone_ore":5,"create:deepslate_zinc_ore":1,"mekanism:osmium_ore":11,"minecraft:mossy_cobblestone":1,"ancient_elements:lead_ore":4,"minecraft:crafting_table":1,"mekanism:deepslate_osmium_ore":1,"minecraft:grass_block":5,"minecraft:deepslate_gold_ore":3,"minecraft:sugar_cane":6,"minecraft:blue_bed":2,"minecraft:spawner":2,"minecraft:redstone_ore":4,"mekanism:fluorite_ore":1,"minecraft:iron_ore":27,"minecraft:barrel":1,"minecraft:andesite":1,"minecraft:pumpkin":1,"treechop:chopped_log":1,"mekanism:deepslate_tin_ore":1,"minecraft:coal_ore":46,"mekanism:lead_ore":7,"minecraft:dirt":12,"mekanism:deepslate_uranium_ore":4,"minecraft:stone":14,"minecraft:iron_block":2,"minecraft:gold_ore":1,"minecraft:fern":1,"minecraft:deepslate":7}},"DataVersion":3465}