{"stats":{"minecraft:picked_up":{"irons_spellbooks:scroll":1,"minecraft:crafting_table":6,"minecraft:leather_chestplate":1,"minecraft:cooked_beef":1,"minecraft:nether_wart":4,"minecraft:leather_leggings":1,"minecraft:leather":1,"minecraft:brown_mushroom":64,"minecraft:smoker":1,"alexsmobs:bison_fur":5,"minecraft:wither_skeleton_skull":1,"minecraft:dirt":9,"minecraft:blue_bed":2,"minecraft:lantern":1,"minecraft:iron_axe":1,"irons_spellbooks:common_ink":1,"minecraft:armor_stand":2,"minecraft:leather_boots":1,"minecraft:item_frame":5,"minecraft:bone":4,"irons_spellbooks:arcane_essence":6,"minecraft:diamond_leggings":1,"minecraft:iron_ingot":2,"minecraft:grindstone":1,"minecraft:beef":40,"irons_spellbooks:epic_ink":2,"minecraft:iron_pickaxe":2,"minecraft:spruce_slab":26,"minecraft:coal_block":9,"minecraft:iron_sword":1,"minecraft:dark_oak_stairs":2,"minecraft:furnace":2,"minecraft:stick":6,"minecraft:raw_iron":5,"minecraft:sweet_berries":5,"minecraft:stripped_spruce_log":4,"minecraft:spruce_sapling":6,"tombstone:grave_dust":3,"minecraft:blast_furnace":1,"minecraft:spruce_log":16,"minecraft:leather_helmet":1,"minecraft:dark_oak_planks":1,"irons_spellbooks:ice_rune":1,"minecraft:arrow":5,"minecraft:spruce_boat":2,"knightquest:small_essence":3,"minecraft:iron_block":1,"minecraft:gold_ingot":2,"minecraft:bread":7,"minecraft:mutton":2,"minecraft:skeleton_skull":1,"minecraft:coal":18,"minecraft:snowball":6,"minecraft:cobblestone":25},"minecraft:killed":{"irons_spellbooks:summoned_zombie":4,"minecraft:creeper":2,"minecraft:skeleton":4,"minecraft:zombie":4,"the_awakening_of_the_elder_souls:golden_creeper":2,"alexsmobs:bison":6,"irons_spellbooks:summoned_skeleton":4,"minecraft:villager":4,"the_awakening_of_the_elder_souls:golden_zombie":2},"minecraft:used":{"minecraft:stone_sword":31,"minecraft:stone_pickaxe":40,"minecraft:stone_shovel":2,"minecraft:spruce_planks":22,"minecraft:wooden_pickaxe":3,"minecraft:iron_sword":90,"minecraft:blue_bed":1,"minecraft:dirt":8,"minecraft:crafting_table":6,"minecraft:smoker":1,"minecraft:spruce_boat":2,"minecraft:iron_axe":3,"minecraft:bread":9,"minecraft:iron_pickaxe":31,"minecraft:stone_axe":25,"minecraft:sweet_berries":2,"minecraft:cooked_beef":14},"minecraft:crafted":{"minecraft:cooked_beef":20,"minecraft:stone_shovel":1,"minecraft:coal":81,"minecraft:crafting_table":1,"minecraft:spruce_planks":64,"minecraft:wooden_pickaxe":1,"minecraft:stone_axe":1,"minecraft:air":0,"minecraft:stick":4,"minecraft:iron_ingot":9,"minecraft:stone_pickaxe":1,"minecraft:stone_sword":1,"minecraft:spruce_boat":2,"minecraft:smoker":1},"minecraft:custom":{"minecraft:interact_with_furnace":8,"minecraft:mob_kills":16,"minecraft:interact_with_crafting_table":6,"minecraft:open_barrel":1,"minecraft:damage_dealt_resisted":1353,"minecraft:time_since_death":39058,"minecraft:sleep_in_bed":1,"minecraft:climb_one_cm":1668,"minecraft:time_since_rest":7198,"minecraft:sprint_one_cm":76754,"minecraft:damage_taken":1554,"minecraft:walk_one_cm":156481,"minecraft:drop":31,"minecraft:damage_dealt":5286,"minecraft:swim_one_cm":1641,"minecraft:open_chest":25,"minecraft:fly_one_cm":186640,"minecraft:crouch_one_cm":1912,"minecraft:play_time":39058,"tombstone:undead_killed":9,"minecraft:sneak_time":617,"minecraft:walk_under_water_one_cm":1199,"minecraft:boat_one_cm":13996,"tombstone:villager_killed":2,"minecraft:jump":761,"minecraft:walk_on_water_one_cm":306,"minecraft:total_world_time":39058,"minecraft:interact_with_smoker":11,"minecraft:inspect_dispenser":1,"minecraft:fall_one_cm":22123},"minecraft:mined":{"minecraft:glass_pane":1,"minecraft:smoker":1,"minecraft:crafting_table":6,"minecraft:blast_furnace":1,"minecraft:chest":1,"minecraft:white_stained_glass":3,"minecraft:coal_block":9,"minecraft:cobblestone":1,"minecraft:spruce_leaves":1,"minecraft:grindstone":1,"minecraft:nether_wart":2,"minecraft:blue_bed":2,"minecraft:furnace":2,"minecraft:iron_ore":4,"minecraft:fire":2,"minecraft:sweet_berry_bush":1,"minecraft:spruce_log":4,"minecraft:stripped_spruce_log":4,"treechop:chopped_log":2,"minecraft:coal_ore":15,"minecraft:dirt":6,"minecraft:wither_skeleton_skull":1,"minecraft:stone":25,"minecraft:iron_block":1},"minecraft:dropped":{"minecraft:iron_sword":1,"minecraft:stone_axe":1,"minecraft:sweet_berries":4,"minecraft:brown_mushroom":64,"minecraft:dark_oak_stairs":2,"minecraft:cobblestone":16,"minecraft:leather":1,"alexsmobs:bison_fur":5,"minecraft:item_frame":5,"minecraft:stick":1,"minecraft:dirt":1,"minecraft:spruce_boat":1,"minecraft:mutton":2,"minecraft:leather_boots":1,"minecraft:snowball":6,"minecraft:leather_leggings":1,"tombstone:grave_dust":3,"minecraft:spruce_slab":1,"minecraft:wooden_pickaxe":1,"minecraft:iron_pickaxe":1,"minecraft:dark_oak_planks":1,"minecraft:armor_stand":2,"minecraft:gold_ingot":2}},"DataVersion":3465}