{"stats":{"minecraft:picked_up":{"minecraft:stick":6,"minecraft:crafting_table":4,"minecraft:cooked_beef":1,"minecraft:smoker":1,"alexsmobs:bison_fur":5,"minecraft:spruce_sapling":6,"tombstone:grave_dust":2,"minecraft:spruce_log":13,"minecraft:wither_skeleton_skull":1,"minecraft:dirt":7,"minecraft:dark_oak_planks":1,"minecraft:arrow":5,"minecraft:bone":4,"knightquest:small_essence":3,"minecraft:beef":40,"minecraft:iron_pickaxe":1,"minecraft:spruce_slab":26,"minecraft:iron_sword":1,"minecraft:cobblestone":25,"minecraft:furnace":1},"minecraft:used":{"minecraft:stone_sword":31,"minecraft:stone_pickaxe":24,"minecraft:wooden_pickaxe":3,"minecraft:iron_sword":7,"minecraft:stone_axe":16,"minecraft:dirt":7,"minecraft:crafting_table":5,"minecraft:cooked_beef":8,"minecraft:smoker":1},"minecraft:crafted":{"minecraft:cooked_beef":20,"minecraft:stone_shovel":1,"minecraft:crafting_table":1,"minecraft:spruce_planks":36,"minecraft:stick":4,"minecraft:wooden_pickaxe":1,"minecraft:stone_pickaxe":1,"minecraft:stone_sword":1,"minecraft:spruce_boat":1,"minecraft:stone_axe":1,"minecraft:air":0,"minecraft:smoker":1},"minecraft:dropped":{"minecraft:cobblestone":16,"alexsmobs:bison_fur":5},"minecraft:custom":{"minecraft:time_since_rest":15187,"minecraft:interact_with_furnace":8,"minecraft:sprint_one_cm":24672,"minecraft:damage_taken":648,"minecraft:walk_one_cm":54753,"minecraft:mob_kills":9,"minecraft:drop":2,"minecraft:damage_dealt":2153,"minecraft:interact_with_crafting_table":5,"minecraft:fly_one_cm":83985,"minecraft:open_chest":1,"minecraft:crouch_one_cm":313,"minecraft:play_time":15187,"tombstone:undead_killed":6,"minecraft:sneak_time":93,"minecraft:jump":298,"minecraft:time_since_death":15187,"minecraft:interact_with_smoker":11,"minecraft:climb_one_cm":1668,"minecraft:total_world_time":15187,"minecraft:fall_one_cm":8423},"minecraft:mined":{"minecraft:furnace":1,"minecraft:smoker":1,"minecraft:spruce_log":1,"treechop:chopped_log":2,"minecraft:crafting_table":5,"minecraft:dirt":4,"minecraft:spruce_leaves":1,"minecraft:wither_skeleton_skull":1,"minecraft:stone":25},"minecraft:killed":{"minecraft:skeleton":4,"minecraft:zombie":2,"irons_spellbooks:summoned_zombie":2,"alexsmobs:bison":6,"irons_spellbooks:summoned_skeleton":4}},"DataVersion":3465}