{"stats":{"minecraft:mined":{"minecraft:spruce_planks":1,"create:millstone":1,"minecraft:deepslate_diamond_ore":2,"create:andesite_casing":3,"minecraft:granite":3,"minecraft:cherry_trapdoor":6,"minecraft:grass_block":48,"minecraft:white_stained_glass":3,"minecraft:coal_block":9,"create:item_vault":6,"minecraft:oxeye_daisy":2,"minecraft:spruce_leaves":1,"minecraft:kelp":3,"minecraft:nether_wart":2,"create:shaft":2,"minecraft:furnace":3,"minecraft:iron_ore":13,"minecraft:fire":2,"minecraft:andesite":46,"minecraft:stripped_spruce_log":4,"treechop:chopped_log":14,"minecraft:azure_bluet":8,"minecraft:rail":7,"minecraft:white_tulip":8,"minecraft:iron_block":1,"minecraft:stone":27,"create:mechanical_press":2,"minecraft:deepslate_redstone_ore":2,"create:cogwheel":4,"minecraft:glass_pane":1,"minecraft:cherry_planks":2,"minecraft:kelp_plant":12,"minecraft:smoker":1,"minecraft:crafting_table":9,"minecraft:torch":2,"create:mechanical_pump":1,"minecraft:blast_furnace":2,"minecraft:poppy":6,"minecraft:chest":1,"minecraft:rose_bush":4,"minecraft:copper_ore":8,"minecraft:cobblestone":3,"minecraft:grindstone":1,"minecraft:diorite":2,"minecraft:blue_bed":2,"minecraft:wall_torch":5,"minecraft:pink_petals":61,"minecraft:sweet_berry_bush":1,"minecraft:spruce_log":4,"minecraft:grass":39,"minecraft:coal_ore":15,"minecraft:oak_log":1,"create:hand_crank":3,"minecraft:dirt":46,"minecraft:cobweb":1,"minecraft:wither_skeleton_skull":1,"minecraft:oak_leaves":4,"minecraft:deepslate":1},"minecraft:killed":{"irons_spellbooks:summoned_zombie":4,"alexsmobs:raccoon":2,"minecraft:skeleton":6,"mekanismadditions:baby_skeleton":2,"alexsmobs:bison":16,"irons_spellbooks:summoned_skeleton":6,"ancient_elements:aetherial_glaze":26,"minecraft:creeper":2,"minecraft:zombie":10,"the_awakening_of_the_elder_souls:golden_witch":4,"the_awakening_of_the_elder_souls:golden_creeper":4,"alexsmobs:bunfungus":2,"minecraft:villager":4,"the_awakening_of_the_elder_souls:golden_zombie":2},"minecraft:crafted":{"minecraft:cherry_planks":524,"minecraft:oak_planks":8,"minecraft:stone_shovel":1,"minecraft:coal":81,"minecraft:barrel":38,"minecraft:iron_nugget":45,"minecraft:cherry_slab":78,"immersive_aircraft:sail":2,"create:item_vault":27,"minecraft:white_carpet":12,"create:vertical_gearbox":1,"minecraft:cherry_trapdoor":24,"create:andesite_funnel":12,"create:mechanical_press":1,"create:millstone":1,"immersive_aircraft:hull":2,"minecraft:stone_pickaxe":1,"create:fluid_tank":9,"minecraft:chest":11,"minecraft:spruce_boat":2,"create:cogwheel":18,"minecraft:smoker":1,"minecraft:cooked_beef":20,"create:andesite_alloy":22,"create:hand_crank":1,"minecraft:crafting_table":2,"minecraft:spruce_planks":64,"minecraft:iron_helmet":1,"create:fluid_pipe":12,"minecraft:dried_kelp":0,"minecraft:wooden_pickaxe":1,"minecraft:cherry_button":1,"minecraft:copper_ingot":54,"minecraft:bucket":1,"minecraft:stone_axe":1,"immersive_aircraft:propeller":1,"minecraft:air":0,"create:gearbox":1,"immersive_aircraft:gyrodyne":1,"create:water_wheel":1,"minecraft:stick":4,"create:mechanical_pump":12,"minecraft:iron_ingot":35,"minecraft:iron_block":1,"minecraft:stone_sword":1,"create:shaft":24,"minecraft:torch":116,"minecraft:shears":1},"minecraft:picked_up":{"irons_spellbooks:scroll":1,"create:copper_sheet":24,"minecraft:crafting_table":9,"minecraft:azure_bluet":9,"minecraft:nether_wart":4,"minecraft:leather_leggings":1,"minecraft:brown_mushroom":64,"minecraft:enchanted_book":1,"minecraft:string":1,"minecraft:raw_copper":27,"minecraft:iron_axe":1,"minecraft:armor_stand":2,"minecraft:item_frame":5,"minecraft:white_carpet":15,"minecraft:cobbled_deepslate":1,"ancient_elements:aetherial_shard":7,"irons_spellbooks:arcane_essence":6,"minecraft:diamond_leggings":1,"create:mechanical_press":2,"minecraft:bucket":1,"minecraft:spruce_planks":9,"minecraft:beef":40,"minecraft:white_tulip":8,"minecraft:rose_bush":4,"irons_spellbooks:epic_ink":2,"minecraft:iron_nugget":5,"minecraft:poppy":8,"minecraft:iron_pickaxe":2,"minecraft:spruce_slab":26,"alexsmobs:raccoon_tail":1,"minecraft:coal_block":9,"minecraft:cherry_button":1,"minecraft:cherry_trapdoor":6,"minecraft:furnace":3,"minecraft:raw_iron":14,"minecraft:stick":35,"minecraft:copper_ingot":6,"minecraft:torch":7,"create:andesite_casing":3,"minecraft:cherry_log":131,"tombstone:grave_dust":3,"create:hand_crank":4,"minecraft:diorite":11,"minecraft:redstone":10,"minecraft:dark_oak_planks":1,"minecraft:arrow":9,"minecraft:rotten_flesh":3,"minecraft:rail":7,"minecraft:iron_block":1,"minecraft:gold_ingot":4,"minecraft:mutton":2,"minecraft:obsidian":9,"minecraft:music_disc_wait":2,"immersive_aircraft:hull":2,"minecraft:skeleton_skull":1,"minecraft:snowball":6,"minecraft:white_wool":16,"minecraft:cobblestone":31,"minecraft:oxeye_daisy":2,"minecraft:birch_log":12,"minecraft:pink_petals":171,"create:iron_sheet":54,"minecraft:leather_chestplate":1,"minecraft:cooked_beef":58,"minecraft:cherry_planks":3,"minecraft:andesite":45,"minecraft:leather":1,"minecraft:smoker":1,"alexsmobs:bison_fur":9,"minecraft:oak_log":17,"minecraft:wither_skeleton_skull":2,"immersive_aircraft:gyrodyne":7,"minecraft:dirt":82,"minecraft:blue_bed":3,"minecraft:lantern":1,"create:item_vault":6,"minecraft:leather_boots":1,"irons_spellbooks:common_ink":1,"minecraft:bone":5,"minecraft:kelp":36,"minecraft:wheat_seeds":5,"minecraft:grindstone":1,"minecraft:iron_ingot":22,"create:shaft":17,"minecraft:oak_planks":6,"minecraft:iron_sword":1,"minecraft:dark_oak_stairs":2,"ancient_elements:aero_charge":20,"minecraft:sweet_berries":5,"create:cogwheel":4,"minecraft:stripped_spruce_log":4,"minecraft:spruce_sapling":6,"minecraft:blast_furnace":2,"minecraft:spruce_log":16,"minecraft:leather_helmet":1,"irons_spellbooks:ice_rune":1,"create:millstone":1,"minecraft:diamond":2,"minecraft:spruce_boat":6,"create:mechanical_pump":1,"knightquest:small_essence":3,"minecraft:granite":3,"minecraft:cherry_sapling":70,"naturescompass:naturescompass":2,"minecraft:bread":7,"minecraft:oak_sapling":7,"minecraft:coal":56},"minecraft:killed_by":{"minecraft:player":1},"minecraft:dropped":{"naturescompass:naturescompass":1,"minecraft:enchanted_book":1,"minecraft:iron_ingot":75,"minecraft:iron_sword":1,"minecraft:dark_oak_stairs":2,"minecraft:brown_mushroom":64,"minecraft:oak_log":15,"minecraft:cobblestone":20,"immersive_aircraft:hull":2,"minecraft:leather":1,"minecraft:granite":3,"minecraft:copper_ingot":30,"alexsmobs:bison_fur":5,"minecraft:leather_helmet":1,"minecraft:item_frame":5,"minecraft:stick":1,"minecraft:oxeye_daisy":2,"minecraft:dirt":1,"minecraft:diorite":10,"minecraft:mutton":2,"minecraft:rose_bush":4,"minecraft:cherry_planks":1,"minecraft:snowball":6,"tombstone:grave_dust":3,"minecraft:cherry_button":1,"minecraft:music_disc_wait":1,"minecraft:iron_pickaxe":1,"minecraft:dark_oak_planks":1,"minecraft:pink_petals":3,"minecraft:bucket":2,"minecraft:white_wool":9,"minecraft:armor_stand":2,"minecraft:bone":4,"minecraft:spruce_sapling":6,"minecraft:gold_ingot":2,"minecraft:white_tulip":8,"minecraft:stone_axe":1,"minecraft:sweet_berries":4,"minecraft:iron_nugget":1,"create:shaft":8,"alexsmobs:animal_dictionary":1,"minecraft:raw_copper":2,"minecraft:obsidian":12,"tombstone:gift":1,"minecraft:white_carpet":15,"minecraft:rotten_flesh":3,"minecraft:grindstone":1,"minecraft:oak_planks":6,"minecraft:azure_bluet":9,"minecraft:poppy":8,"minecraft:spruce_boat":2,"minecraft:skeleton_skull":1,"minecraft:spruce_planks":8,"minecraft:leather_boots":1,"minecraft:leather_leggings":1,"minecraft:spruce_slab":1,"minecraft:arrow":2,"minecraft:wooden_pickaxe":1},"minecraft:used":{"minecraft:stone_sword":31,"create:item_vault":17,"minecraft:stone_shovel":88,"minecraft:chest":11,"minecraft:spruce_planks":42,"minecraft:iron_sword":260,"minecraft:torch":55,"create:fluid_tank":9,"create:mechanical_pump":10,"minecraft:dirt":82,"create:cogwheel":6,"minecraft:spruce_boat":6,"minecraft:iron_axe":178,"minecraft:cherry_trapdoor":30,"create:millstone":2,"minecraft:barrel":1,"create:andesite_funnel":12,"create:shaft":2,"minecraft:sweet_berries":2,"minecraft:oak_sapling":7,"minecraft:furnace":2,"tombstone:gift":2,"minecraft:cooked_beef":74,"minecraft:water_bucket":17,"minecraft:stone_pickaxe":40,"minecraft:wooden_pickaxe":3,"minecraft:cherry_planks":15,"minecraft:blue_bed":3,"minecraft:crafting_table":11,"minecraft:blast_furnace":2,"minecraft:smoker":2,"create:mechanical_press":3,"minecraft:bread":30,"minecraft:iron_pickaxe":128,"create:water_wheel":1,"minecraft:stone_axe":25,"minecraft:andesite":1,"minecraft:bucket":20,"immersive_aircraft:gyrodyne":7,"create:hand_crank":5,"create:vertical_gearbox":1},"minecraft:custom":{"minecraft:mob_kills":46,"minecraft:interact_with_crafting_table":52,"minecraft:open_barrel":3,"minecraft:leave_game":3,"minecraft:time_since_death":129927,"minecraft:damage_dealt_resisted":1353,"minecraft:climb_one_cm":3878,"minecraft:sprint_one_cm":307096,"minecraft:walk_one_cm":457361,"minecraft:drop":205,"minecraft:talked_to_villager":2,"minecraft:play_time":227416,"minecraft:deaths":1,"minecraft:sneak_time":6640,"minecraft:walk_under_water_one_cm":14542,"minecraft:boat_one_cm":225181,"minecraft:jump":3260,"minecraft:interact_with_blast_furnace":17,"minecraft:walk_on_water_one_cm":61506,"minecraft:total_world_time":227416,"minecraft:interact_with_furnace":19,"minecraft:sleep_in_bed":4,"minecraft:time_since_rest":9295,"minecraft:damage_taken":6287,"minecraft:damage_dealt":15412,"minecraft:swim_one_cm":49561,"minecraft:fly_one_cm":809497,"minecraft:open_chest":66,"minecraft:crouch_one_cm":12048,"tombstone:undead_killed":15,"tombstone:villager_killed":2,"minecraft:interact_with_smoker":13,"minecraft:fall_one_cm":113602,"minecraft:inspect_dispenser":1}},"DataVersion":3465}