{"stats":{"minecraft:picked_up":{"minecraft:crafting_table":5,"minecraft:leather_chestplate":1,"minecraft:cooked_beef":1,"minecraft:leather_leggings":1,"minecraft:smoker":1,"alexsmobs:bison_fur":5,"minecraft:wither_skeleton_skull":1,"minecraft:dirt":9,"minecraft:blue_bed":1,"minecraft:lantern":1,"minecraft:iron_axe":1,"minecraft:leather_boots":1,"minecraft:armor_stand":2,"minecraft:item_frame":5,"minecraft:bone":4,"minecraft:diamond_leggings":1,"minecraft:grindstone":1,"minecraft:beef":40,"minecraft:iron_ingot":2,"minecraft:iron_pickaxe":2,"minecraft:spruce_slab":26,"minecraft:coal_block":9,"minecraft:iron_sword":1,"minecraft:furnace":2,"minecraft:stick":6,"minecraft:sweet_berries":5,"minecraft:stripped_spruce_log":4,"minecraft:spruce_sapling":6,"minecraft:blast_furnace":1,"tombstone:grave_dust":3,"minecraft:spruce_log":16,"minecraft:leather_helmet":1,"minecraft:dark_oak_planks":1,"minecraft:arrow":5,"minecraft:spruce_boat":1,"knightquest:small_essence":3,"minecraft:iron_block":1,"minecraft:gold_ingot":1,"minecraft:bread":3,"minecraft:snowball":6,"minecraft:coal":18,"minecraft:skeleton_skull":1,"minecraft:cobblestone":25},"minecraft:used":{"minecraft:stone_sword":31,"minecraft:stone_shovel":2,"minecraft:stone_pickaxe":40,"minecraft:spruce_planks":22,"minecraft:wooden_pickaxe":3,"minecraft:iron_sword":41,"minecraft:dirt":8,"minecraft:crafting_table":5,"minecraft:smoker":1,"minecraft:spruce_boat":1,"minecraft:bread":3,"minecraft:iron_pickaxe":26,"minecraft:stone_axe":25,"minecraft:sweet_berries":2,"minecraft:cooked_beef":13},"minecraft:crafted":{"minecraft:cooked_beef":20,"minecraft:coal":81,"minecraft:stone_shovel":1,"minecraft:crafting_table":1,"minecraft:spruce_planks":64,"minecraft:wooden_pickaxe":1,"minecraft:stone_axe":1,"minecraft:air":0,"minecraft:stick":4,"minecraft:iron_ingot":9,"minecraft:stone_pickaxe":1,"minecraft:stone_sword":1,"minecraft:spruce_boat":1,"minecraft:smoker":1},"minecraft:dropped":{"minecraft:iron_sword":1,"minecraft:stone_axe":1,"minecraft:sweet_berries":4,"minecraft:cobblestone":16,"alexsmobs:bison_fur":5,"minecraft:item_frame":5,"minecraft:dirt":1,"minecraft:leather_boots":1,"minecraft:leather_leggings":1,"minecraft:spruce_slab":1,"minecraft:wooden_pickaxe":1,"minecraft:dark_oak_planks":1,"minecraft:gold_ingot":1,"minecraft:armor_stand":2},"minecraft:custom":{"minecraft:interact_with_furnace":8,"minecraft:mob_kills":10,"minecraft:interact_with_crafting_table":5,"minecraft:open_barrel":1,"minecraft:damage_dealt_resisted":902,"minecraft:time_since_death":27187,"minecraft:climb_one_cm":1668,"minecraft:time_since_rest":27187,"minecraft:sprint_one_cm":47223,"minecraft:damage_taken":1243,"minecraft:walk_one_cm":109871,"minecraft:drop":20,"minecraft:damage_dealt":2732,"minecraft:fly_one_cm":106065,"minecraft:open_chest":17,"minecraft:crouch_one_cm":1440,"minecraft:play_time":27187,"tombstone:undead_killed":7,"minecraft:sneak_time":401,"minecraft:boat_one_cm":9901,"minecraft:jump":439,"minecraft:total_world_time":27187,"minecraft:interact_with_smoker":11,"minecraft:inspect_dispenser":1,"minecraft:fall_one_cm":11355},"minecraft:killed":{"irons_spellbooks:summoned_zombie":4,"minecraft:skeleton":4,"minecraft:zombie":2,"alexsmobs:bison":6,"irons_spellbooks:summoned_skeleton":4},"minecraft:mined":{"minecraft:glass_pane":1,"minecraft:smoker":1,"minecraft:crafting_table":5,"minecraft:blast_furnace":1,"minecraft:white_stained_glass":3,"minecraft:coal_block":9,"minecraft:spruce_leaves":1,"minecraft:grindstone":1,"minecraft:blue_bed":1,"minecraft:furnace":2,"minecraft:sweet_berry_bush":1,"minecraft:spruce_log":4,"minecraft:stripped_spruce_log":4,"treechop:chopped_log":2,"minecraft:coal_ore":15,"minecraft:dirt":6,"minecraft:wither_skeleton_skull":1,"minecraft:stone":25,"minecraft:iron_block":1}},"DataVersion":3465}