{"stats":{"minecraft:picked_up":{"irons_spellbooks:scroll":1,"minecraft:crafting_table":9,"minecraft:azure_bluet":9,"minecraft:nether_wart":4,"minecraft:leather_leggings":1,"minecraft:brown_mushroom":64,"minecraft:enchanted_book":1,"minecraft:iron_axe":1,"minecraft:item_frame":5,"minecraft:armor_stand":2,"minecraft:white_carpet":15,"irons_spellbooks:arcane_essence":6,"minecraft:diamond_leggings":1,"minecraft:spruce_planks":9,"minecraft:beef":40,"minecraft:white_tulip":8,"minecraft:rose_bush":4,"irons_spellbooks:epic_ink":2,"minecraft:poppy":8,"minecraft:iron_nugget":5,"minecraft:coal_block":9,"minecraft:iron_pickaxe":2,"minecraft:spruce_slab":26,"minecraft:furnace":3,"minecraft:stick":16,"minecraft:raw_iron":5,"create:andesite_casing":1,"minecraft:cherry_log":22,"create:hand_crank":2,"tombstone:grave_dust":3,"minecraft:diorite":11,"minecraft:dark_oak_planks":1,"minecraft:arrow":7,"minecraft:rotten_flesh":3,"minecraft:iron_block":1,"minecraft:gold_ingot":4,"minecraft:music_disc_wait":2,"minecraft:obsidian":9,"minecraft:mutton":2,"immersive_aircraft:hull":2,"minecraft:snowball":6,"minecraft:skeleton_skull":1,"minecraft:white_wool":16,"minecraft:cobblestone":29,"minecraft:oxeye_daisy":2,"minecraft:birch_log":12,"minecraft:pink_petals":12,"minecraft:leather_chestplate":1,"minecraft:cooked_beef":58,"minecraft:andesite":9,"minecraft:leather":1,"minecraft:smoker":1,"alexsmobs:bison_fur":9,"minecraft:oak_log":17,"minecraft:wither_skeleton_skull":2,"immersive_aircraft:gyrodyne":4,"minecraft:dirt":9,"minecraft:blue_bed":2,"minecraft:lantern":1,"minecraft:leather_boots":1,"irons_spellbooks:common_ink":1,"minecraft:bone":4,"minecraft:wheat_seeds":1,"minecraft:grindstone":1,"minecraft:iron_ingot":2,"create:shaft":15,"minecraft:iron_sword":1,"minecraft:oak_planks":6,"minecraft:dark_oak_stairs":2,"minecraft:sweet_berries":5,"create:cogwheel":1,"minecraft:stripped_spruce_log":4,"minecraft:spruce_sapling":6,"minecraft:blast_furnace":2,"minecraft:spruce_log":16,"minecraft:leather_helmet":1,"irons_spellbooks:ice_rune":1,"create:millstone":1,"minecraft:spruce_boat":6,"knightquest:small_essence":3,"minecraft:cherry_sapling":16,"naturescompass:naturescompass":2,"minecraft:bread":7,"minecraft:oak_sapling":7,"minecraft:coal":56},"minecraft:killed":{"irons_spellbooks:summoned_zombie":4,"minecraft:skeleton":6,"alexsmobs:bison":16,"irons_spellbooks:summoned_skeleton":6,"minecraft:creeper":2,"minecraft:zombie":10,"the_awakening_of_the_elder_souls:golden_witch":4,"the_awakening_of_the_elder_souls:golden_creeper":4,"alexsmobs:bunfungus":2,"minecraft:villager":4,"the_awakening_of_the_elder_souls:golden_zombie":2},"minecraft:used":{"minecraft:stone_sword":31,"minecraft:stone_shovel":2,"minecraft:chest":11,"minecraft:spruce_planks":42,"minecraft:iron_sword":200,"minecraft:dirt":8,"create:cogwheel":2,"minecraft:spruce_boat":6,"minecraft:iron_axe":74,"create:millstone":2,"minecraft:sweet_berries":2,"minecraft:oak_sapling":7,"minecraft:furnace":2,"tombstone:gift":2,"minecraft:cooked_beef":46,"minecraft:stone_pickaxe":40,"minecraft:wooden_pickaxe":3,"minecraft:blue_bed":2,"minecraft:crafting_table":11,"minecraft:blast_furnace":2,"minecraft:smoker":2,"minecraft:bread":21,"minecraft:iron_pickaxe":46,"minecraft:stone_axe":25,"minecraft:andesite":1,"immersive_aircraft:gyrodyne":4,"create:hand_crank":3},"minecraft:crafted":{"minecraft:cherry_planks":88,"minecraft:oak_planks":8,"minecraft:stone_shovel":1,"minecraft:coal":81,"minecraft:iron_nugget":9,"immersive_aircraft:sail":2,"minecraft:white_carpet":12,"create:millstone":1,"immersive_aircraft:hull":2,"minecraft:stone_pickaxe":1,"minecraft:chest":11,"minecraft:spruce_boat":2,"create:cogwheel":2,"minecraft:smoker":1,"minecraft:cooked_beef":20,"create:andesite_alloy":4,"create:hand_crank":1,"minecraft:crafting_table":2,"minecraft:spruce_planks":64,"minecraft:wooden_pickaxe":1,"minecraft:stone_axe":1,"immersive_aircraft:propeller":1,"minecraft:air":0,"immersive_aircraft:gyrodyne":1,"minecraft:stick":4,"minecraft:iron_ingot":14,"minecraft:stone_sword":1,"create:shaft":8,"minecraft:shears":1},"minecraft:custom":{"minecraft:mob_kills":31,"minecraft:interact_with_crafting_table":20,"minecraft:open_barrel":3,"minecraft:damage_dealt_resisted":1353,"minecraft:leave_game":2,"minecraft:time_since_death":37772,"minecraft:climb_one_cm":3878,"minecraft:sprint_one_cm":219218,"minecraft:walk_one_cm":260800,"minecraft:drop":94,"minecraft:play_time":135261,"minecraft:deaths":1,"minecraft:sneak_time":2548,"minecraft:walk_under_water_one_cm":13264,"minecraft:boat_one_cm":225181,"minecraft:jump":2333,"minecraft:interact_with_blast_furnace":7,"minecraft:walk_on_water_one_cm":57680,"minecraft:total_world_time":135261,"minecraft:interact_with_furnace":11,"minecraft:sleep_in_bed":2,"minecraft:time_since_rest":13745,"minecraft:damage_taken":3984,"minecraft:damage_dealt":12526,"minecraft:swim_one_cm":38703,"minecraft:fly_one_cm":569638,"minecraft:open_chest":34,"minecraft:crouch_one_cm":3457,"tombstone:undead_killed":14,"tombstone:villager_killed":2,"minecraft:interact_with_smoker":13,"minecraft:fall_one_cm":68723,"minecraft:inspect_dispenser":1},"minecraft:killed_by":{"minecraft:player":1},"minecraft:mined":{"minecraft:spruce_planks":1,"create:millstone":1,"create:andesite_casing":1,"minecraft:white_stained_glass":3,"minecraft:coal_block":9,"minecraft:oxeye_daisy":2,"minecraft:spruce_leaves":1,"minecraft:nether_wart":2,"minecraft:furnace":3,"minecraft:iron_ore":4,"minecraft:fire":2,"minecraft:andesite":8,"minecraft:stripped_spruce_log":4,"treechop:chopped_log":7,"minecraft:azure_bluet":8,"minecraft:white_tulip":8,"minecraft:stone":26,"minecraft:iron_block":1,"create:cogwheel":1,"minecraft:glass_pane":1,"minecraft:smoker":1,"minecraft:crafting_table":9,"minecraft:blast_furnace":2,"minecraft:poppy":6,"minecraft:chest":1,"minecraft:rose_bush":4,"minecraft:cobblestone":2,"minecraft:grindstone":1,"minecraft:diorite":2,"minecraft:blue_bed":2,"minecraft:pink_petals":5,"minecraft:sweet_berry_bush":1,"minecraft:spruce_log":4,"minecraft:grass":14,"minecraft:oak_log":1,"minecraft:coal_ore":15,"create:hand_crank":2,"minecraft:dirt":6,"minecraft:wither_skeleton_skull":1,"minecraft:oak_leaves":4},"minecraft:dropped":{"naturescompass:naturescompass":1,"minecraft:enchanted_book":1,"minecraft:iron_ingot":1,"minecraft:iron_sword":1,"minecraft:dark_oak_stairs":2,"minecraft:brown_mushroom":64,"minecraft:oak_log":15,"minecraft:cobblestone":20,"immersive_aircraft:hull":2,"minecraft:leather":1,"alexsmobs:bison_fur":5,"minecraft:leather_helmet":1,"minecraft:item_frame":5,"minecraft:stick":1,"minecraft:oxeye_daisy":2,"minecraft:dirt":1,"minecraft:diorite":10,"minecraft:rose_bush":4,"minecraft:mutton":2,"minecraft:snowball":6,"tombstone:grave_dust":3,"minecraft:music_disc_wait":1,"minecraft:iron_pickaxe":1,"minecraft:dark_oak_planks":1,"minecraft:pink_petals":3,"minecraft:white_wool":9,"minecraft:bone":4,"minecraft:gold_ingot":2,"minecraft:spruce_sapling":6,"minecraft:armor_stand":2,"minecraft:white_tulip":8,"minecraft:stone_axe":1,"minecraft:sweet_berries":4,"minecraft:iron_nugget":1,"create:shaft":8,"alexsmobs:animal_dictionary":1,"minecraft:obsidian":12,"tombstone:gift":1,"minecraft:white_carpet":15,"minecraft:rotten_flesh":3,"minecraft:grindstone":1,"minecraft:oak_planks":6,"minecraft:azure_bluet":9,"minecraft:poppy":8,"minecraft:spruce_boat":2,"minecraft:skeleton_skull":1,"minecraft:spruce_planks":8,"minecraft:leather_boots":1,"minecraft:leather_leggings":1,"minecraft:spruce_slab":1,"minecraft:arrow":2,"minecraft:wooden_pickaxe":1}},"DataVersion":3465}