{"stats":{"minecraft:broken":{"ancient_elements:stone_hammer":1},"minecraft:custom":{"minecraft:interact_with_furnace":38,"minecraft:mob_kills":21,"minecraft:interact_with_crafting_table":12,"minecraft:interact_with_loom":1,"minecraft:leave_game":1,"minecraft:time_since_death":4618,"minecraft:time_since_rest":4496,"minecraft:sprint_one_cm":86237,"minecraft:damage_taken":1962,"minecraft:walk_one_cm":172288,"minecraft:drop":40,"minecraft:damage_dealt":4213,"minecraft:swim_one_cm":6869,"minecraft:fly_one_cm":158104,"minecraft:player_kills":1,"minecraft:open_chest":11,"minecraft:crouch_one_cm":30078,"minecraft:play_time":65682,"tombstone:undead_killed":2,"minecraft:deaths":5,"minecraft:sneak_time":3603,"minecraft:walk_under_water_one_cm":7113,"minecraft:jump":1133,"minecraft:walk_on_water_one_cm":9454,"minecraft:total_world_time":65682,"minecraft:fall_one_cm":38912},"minecraft:used":{"the_awakening_of_the_elder_souls:ruby_sword":29,"minecraft:water_bucket":35,"minecraft:stone_sword":37,"minecraft:oak_planks":28,"minecraft:wooden_pickaxe":7,"ancient_elements:iron_hammer":19,"ancient_elements:obsidian_leggings":1,"minecraft:dirt":1,"minecraft:crafting_table":5,"ancient_elements:obsidian_boots":1,"minecraft:dripstone_block":1,"minecraft:tuff":1,"ancient_elements:stone_hammer":129,"minecraft:lava_bucket":9,"ancient_elements:obsidian_helmet":1,"tombstone:grave_key":4,"minecraft:stone_axe":19,"ironfurnaces:iron_furnace":3,"minecraft:cobblestone":2,"minecraft:cooked_porkchop":1,"minecraft:bucket":43,"tombstone:gift":6,"minecraft:cobbled_deepslate":142,"minecraft:pointed_dripstone":1},"minecraft:picked_up":{"minecraft:basalt":2,"minecraft:crafting_table":4,"travelersbackpack:bat":1,"mekanism:raw_uranium":2,"minecraft:andesite":11,"minecraft:gold_block":8,"minecraft:tuff":1,"create:raw_zinc":6,"minecraft:oak_log":13,"minecraft:lapis_lazuli":17,"minecraft:dirt":7,"minecraft:raw_copper":75,"create:limestone":22,"minecraft:blackstone":2,"minecraft:cobbled_deepslate":297,"minecraft:raw_gold":11,"minecraft:spruce_planks":3,"minecraft:calcite":7,"the_awakening_of_the_elder_souls:rainbow_gem":4,"minecraft:sugar_cane":2,"minecraft:oak_planks":2,"ironfurnaces:iron_furnace":2,"minecraft:furnace":1,"minecraft:oak_slab":2,"minecraft:raw_iron":138,"minecraft:stick":9,"ancient_elements:raw_steel":1,"minecraft:pumpkin":1,"ancient_elements:wooden_hammer":1,"minecraft:dripstone_block":29,"minecraft:polished_blackstone_bricks":14,"minecraft:pointed_dripstone":11,"tombstone:grave_dust":2,"minecraft:diorite":13,"mekanism:raw_osmium":1,"mekanism:raw_tin":2,"minecraft:rotten_flesh":1,"minecraft:slime_ball":5,"minecraft:diamond":16,"minecraft:cracked_polished_blackstone_bricks":5,"mekanism:fluorite_gem":17,"alexscaves:spelunkery_table":1,"minecraft:granite":9,"minecraft:golden_apple":1,"minecraft:oak_sapling":10,"minecraft:obsidian":77,"minecraft:coal":180,"the_awakening_of_the_elder_souls:ruby":14,"minecraft:cobblestone":565},"minecraft:killed_by":{"minecraft:player":2},"minecraft:dropped":{"mekanism:fluorite_gem":17,"minecraft:enchanted_book":1,"minecraft:blackstone":2,"minecraft:oak_slab":2,"the_awakening_of_the_elder_souls:rainbow_gem":4,"ancient_elements:wooden_hammer":1,"minecraft:cobbled_deepslate":46,"minecraft:diamond":16,"minecraft:dripstone_block":3,"minecraft:obsidian":4,"minecraft:pointed_dripstone":10,"minecraft:rotten_flesh":1,"ancient_elements:raw_steel":1,"travelersbackpack:bat":1,"mekanism:raw_tin":2,"minecraft:lava_bucket":1,"minecraft:cracked_polished_blackstone_bricks":5,"minecraft:spruce_planks":2,"minecraft:andesite":9,"mekanism:raw_uranium":2,"tombstone:grave_dust":3,"minecraft:basalt":2,"mekanism:raw_osmium":1,"minecraft:polished_blackstone_bricks":14,"minecraft:wooden_pickaxe":1,"minecraft:calcite":7,"the_awakening_of_the_elder_souls:ruby":4},"minecraft:crafted":{"minecraft:oak_planks":52,"minecraft:stone_shovel":1,"ancient_elements:obsidian_helmet":1,"minecraft:crafting_table":1,"minecraft:wooden_pickaxe":1,"ironfurnaces:iron_furnace":1,"minecraft:bucket":1,"minecraft:stone_axe":1,"minecraft:air":0,"the_awakening_of_the_elder_souls:ruby_sword":1,"the_awakening_of_the_elder_souls:ruby_armor_chestplate":1,"ancient_elements:obsidian_boots":1,"ancient_elements:obsidian_leggings":1,"minecraft:stick":8,"minecraft:iron_ingot":42,"minecraft:stone_sword":1,"ancient_elements:iron_hammer":1,"ancient_elements:stone_hammer":1,"minecraft:torch":4,"ancient_elements:obsidian_ingot":0},"minecraft:mined":{"alexscaves:spelunkery_table":1,"minecraft:oak_slab":1,"mekanism:osmium_ore":1,"ironfurnaces:iron_furnace":2,"minecraft:crafting_table":4,"minecraft:granite":1,"minecraft:grass_block":1,"minecraft:cracked_polished_blackstone_bricks":1,"minecraft:copper_ore":5,"minecraft:cobblestone":2,"minecraft:oak_planks":3,"minecraft:sugar_cane":1,"minecraft:polished_blackstone_bricks":1,"minecraft:furnace":1,"minecraft:iron_ore":19,"minecraft:fire":4,"minecraft:cobbled_deepslate":11,"minecraft:andesite":1,"minecraft:pumpkin":2,"treechop:chopped_log":2,"minecraft:gold_block":3,"minecraft:coal_ore":5,"minecraft:stone":55,"create:limestone":5,"minecraft:deepslate":38},"minecraft:killed":{"minecraft:magma_cube":2,"irons_spellbooks:summoned_zombie":2,"minecraft:spider":2,"minecraft:slime":18,"minecraft:creeper":2,"minecraft:zombie":2,"the_awakening_of_the_elder_souls:golden_creeper":2,"alexsmobs:crow":2,"minecraft:piglin_brute":6}},"DataVersion":3465}