{"stats":{"minecraft:picked_up":{"irons_spellbooks:scroll":1,"minecraft:crafting_table":7,"minecraft:nether_wart":4,"minecraft:leather_leggings":1,"minecraft:brown_mushroom":64,"minecraft:iron_axe":1,"minecraft:item_frame":5,"minecraft:armor_stand":2,"irons_spellbooks:arcane_essence":6,"minecraft:diamond_leggings":1,"minecraft:spruce_planks":9,"minecraft:beef":40,"irons_spellbooks:epic_ink":2,"minecraft:coal_block":9,"minecraft:iron_pickaxe":2,"minecraft:spruce_slab":26,"minecraft:furnace":3,"minecraft:raw_iron":5,"minecraft:stick":6,"tombstone:grave_dust":3,"minecraft:diorite":2,"minecraft:dark_oak_planks":1,"minecraft:arrow":5,"minecraft:iron_block":1,"minecraft:gold_ingot":2,"minecraft:cobblestone":25,"minecraft:mutton":2,"minecraft:snowball":6,"minecraft:skeleton_skull":1,"minecraft:white_wool":11,"minecraft:birch_log":12,"minecraft:leather_chestplate":1,"minecraft:cooked_beef":1,"minecraft:leather":1,"minecraft:smoker":1,"alexsmobs:bison_fur":5,"minecraft:oak_log":15,"minecraft:wither_skeleton_skull":1,"minecraft:blue_bed":2,"minecraft:dirt":9,"minecraft:lantern":1,"minecraft:leather_boots":1,"irons_spellbooks:common_ink":1,"minecraft:bone":4,"minecraft:grindstone":1,"minecraft:iron_ingot":2,"minecraft:iron_sword":1,"minecraft:dark_oak_stairs":2,"minecraft:sweet_berries":5,"minecraft:stripped_spruce_log":4,"minecraft:spruce_sapling":6,"minecraft:blast_furnace":2,"minecraft:spruce_log":16,"minecraft:leather_helmet":1,"irons_spellbooks:ice_rune":1,"minecraft:spruce_boat":6,"knightquest:small_essence":3,"naturescompass:naturescompass":1,"minecraft:bread":7,"minecraft:oak_sapling":7,"minecraft:coal":56},"minecraft:killed":{"irons_spellbooks:summoned_zombie":4,"minecraft:skeleton":4,"alexsmobs:bison":6,"irons_spellbooks:summoned_skeleton":4,"minecraft:creeper":2,"minecraft:zombie":6,"the_awakening_of_the_elder_souls:golden_creeper":2,"minecraft:villager":4,"the_awakening_of_the_elder_souls:golden_zombie":2},"minecraft:used":{"minecraft:stone_sword":31,"minecraft:stone_shovel":2,"minecraft:spruce_planks":42,"minecraft:iron_sword":96,"minecraft:dirt":8,"minecraft:spruce_boat":6,"minecraft:iron_axe":29,"minecraft:sweet_berries":2,"minecraft:oak_sapling":7,"minecraft:furnace":1,"minecraft:cooked_beef":17,"minecraft:stone_pickaxe":40,"minecraft:wooden_pickaxe":3,"minecraft:blue_bed":1,"minecraft:crafting_table":8,"minecraft:blast_furnace":1,"minecraft:smoker":1,"minecraft:bread":10,"minecraft:iron_pickaxe":36,"minecraft:stone_axe":25},"minecraft:crafted":{"minecraft:coal":81,"minecraft:stone_shovel":1,"minecraft:iron_nugget":9,"minecraft:white_carpet":6,"immersive_aircraft:hull":2,"minecraft:stone_pickaxe":1,"minecraft:spruce_boat":2,"minecraft:smoker":1,"minecraft:cooked_beef":20,"minecraft:crafting_table":2,"minecraft:spruce_planks":64,"minecraft:wooden_pickaxe":1,"minecraft:stone_axe":1,"immersive_aircraft:propeller":1,"minecraft:air":0,"minecraft:stick":4,"minecraft:iron_ingot":14,"minecraft:stone_sword":1,"minecraft:shears":1},"minecraft:custom":{"minecraft:mob_kills":17,"minecraft:interact_with_crafting_table":9,"minecraft:open_barrel":3,"minecraft:damage_dealt_resisted":1353,"minecraft:time_since_death":63058,"minecraft:climb_one_cm":3878,"minecraft:sprint_one_cm":136750,"minecraft:walk_one_cm":180525,"minecraft:drop":40,"minecraft:play_time":63058,"minecraft:sneak_time":712,"minecraft:walk_under_water_one_cm":2652,"minecraft:boat_one_cm":225181,"minecraft:jump":1292,"minecraft:interact_with_blast_furnace":5,"minecraft:walk_on_water_one_cm":6690,"minecraft:total_world_time":63058,"minecraft:interact_with_furnace":9,"minecraft:sleep_in_bed":1,"minecraft:time_since_rest":31198,"minecraft:damage_taken":1726,"minecraft:damage_dealt":5701,"minecraft:swim_one_cm":16091,"minecraft:fly_one_cm":335788,"minecraft:open_chest":28,"minecraft:crouch_one_cm":2060,"tombstone:undead_killed":10,"tombstone:villager_killed":2,"minecraft:interact_with_smoker":11,"minecraft:fall_one_cm":38752,"minecraft:inspect_dispenser":1},"minecraft:mined":{"minecraft:spruce_planks":1,"minecraft:white_stained_glass":3,"minecraft:coal_block":9,"minecraft:spruce_leaves":1,"minecraft:nether_wart":2,"minecraft:furnace":3,"minecraft:iron_ore":4,"minecraft:fire":2,"minecraft:stripped_spruce_log":4,"treechop:chopped_log":5,"minecraft:stone":25,"minecraft:iron_block":1,"minecraft:glass_pane":1,"minecraft:smoker":1,"minecraft:crafting_table":7,"minecraft:blast_furnace":2,"minecraft:chest":1,"minecraft:cobblestone":2,"minecraft:grindstone":1,"minecraft:diorite":2,"minecraft:blue_bed":2,"minecraft:sweet_berry_bush":1,"minecraft:spruce_log":4,"minecraft:coal_ore":15,"minecraft:dirt":6,"minecraft:wither_skeleton_skull":1},"minecraft:dropped":{"minecraft:iron_sword":1,"minecraft:dark_oak_stairs":2,"minecraft:brown_mushroom":64,"minecraft:oak_log":15,"minecraft:cobblestone":16,"minecraft:leather":1,"alexsmobs:bison_fur":5,"minecraft:leather_helmet":1,"minecraft:item_frame":5,"minecraft:stick":1,"minecraft:dirt":1,"minecraft:mutton":2,"minecraft:snowball":6,"tombstone:grave_dust":3,"minecraft:iron_pickaxe":1,"minecraft:dark_oak_planks":1,"minecraft:bone":4,"minecraft:spruce_sapling":6,"minecraft:gold_ingot":2,"minecraft:armor_stand":2,"minecraft:stone_axe":1,"minecraft:sweet_berries":4,"alexsmobs:animal_dictionary":1,"tombstone:gift":1,"minecraft:grindstone":1,"minecraft:spruce_boat":1,"minecraft:skeleton_skull":1,"minecraft:spruce_planks":8,"minecraft:leather_boots":1,"minecraft:leather_leggings":1,"minecraft:spruce_slab":1,"minecraft:wooden_pickaxe":1}},"DataVersion":3465}