{
  "create:root": {
    "criteria": {
      "0": "2024-07-12 22:14:49 +0000"
    },
    "done": true
  },
  "mekanism:root": {
    "criteria": {
      "automatic": "2024-07-12 22:14:49 +0000"
    },
    "done": true
  },
  "slashblade:movesets": {
    "criteria": {
      "crafting": "2024-07-12 22:14:49 +0000"
    },
    "done": true
  },
  "ironfurnaces:coal": {
    "criteria": {
      "rainbowcoal": "2024-07-12 22:14:49 +0000"
    },
    "done": true
  },
  "ancient_elements:ancient_elements": {
    "criteria": {
      "ancient_elements": "2024-07-12 22:14:50 +0000"
    },
    "done": true
  },
  "stellarity:cursed_tome/root": {
    "criteria": {
      "requirement": "2024-07-12 22:14:50 +0000"
    },
    "done": true
  },
  "minecraft:recipes/decorations/crafting_table": {
    "criteria": {
      "unlock_right_away": "2024-07-12 22:14:50 +0000"
    },
    "done": true
  },
  "mowziesmobs:root": {
    "criteria": {
      "custom_test_name": "2024-07-12 22:14:50 +0000"
    },
    "done": true
  },
  "irons_spellbooks:grant_patchouli": {
    "criteria": {
      "tick": "2024-07-12 22:14:50 +0000"
    },
    "done": true
  },
  "stellarity:dragons_den/cursed_tome/root": {
    "criteria": {
      "requirement": "2024-07-12 22:14:50 +0000"
    },
    "done": true
  },
  "realmrpg_quests:root": {
    "criteria": {
      "root_0": "2024-07-12 22:14:50 +0000"
    },
    "done": true
  },
  "cataclysm:root": {
    "criteria": {
      "custom_test_name": "2024-07-12 22:14:50 +0000"
    },
    "done": true
  },
  "tombstone:adventure/root": {
    "criteria": {
      "auto": "2024-07-12 22:14:51 +0000"
    },
    "done": true
  },
  "minecraft:adventure/adventuring_time": {
    "criteria": {
      "minecraft:old_growth_pine_taiga": "2024-07-12 22:51:51 +0000",
      "minecraft:mushroom_fields": "2024-07-12 23:40:24 +0000",
      "minecraft:taiga": "2024-07-12 22:51:18 +0000",
      "minecraft:deep_ocean": "2024-07-12 23:31:19 +0000",
      "minecraft:frozen_river": "2024-07-12 22:15:52 +0000",
      "minecraft:cherry_grove": "2024-07-12 23:53:52 +0000",
      "minecraft:sunflower_plains": "2024-07-12 23:17:24 +0000",
      "minecraft:birch_forest": "2024-07-13 00:22:35 +0000",
      "minecraft:beach": "2024-07-12 23:30:31 +0000",
      "minecraft:dark_forest": "2024-07-13 00:24:47 +0000",
      "minecraft:river": "2024-07-12 22:51:03 +0000",
      "minecraft:snowy_plains": "2024-07-12 22:14:51 +0000",
      "minecraft:forest": "2024-07-12 22:50:47 +0000",
      "minecraft:ocean": "2024-07-12 23:30:48 +0000",
      "minecraft:old_growth_spruce_taiga": "2024-07-12 22:53:12 +0000",
      "minecraft:flower_forest": "2024-07-12 23:09:28 +0000",
      "minecraft:old_growth_birch_forest": "2024-07-13 00:23:04 +0000",
      "minecraft:meadow": "2024-07-12 23:29:12 +0000",
      "minecraft:plains": "2024-07-12 22:50:17 +0000"
    },
    "done": false
  },
  "slashblade:material/proudsoul_tiny": {
    "criteria": {
      "BrokenBlade": "2024-07-12 22:16:29 +0000"
    },
    "done": true
  },
  "slashblade:root": {
    "criteria": {
      "attackTheEntity": "2024-07-12 22:16:29 +0000"
    },
    "done": true
  },
  "ironshulkerbox:recipes/decorations/shulkerboxes/red/iron/copper_iron_shulker_box": {
    "criteria": {
      "has_gold": "2024-07-12 22:16:44 +0000"
    },
    "done": true
  },
  "ironshulkerbox:recipes/decorations/upgrades/iron_to_gold_shulker_box_upgrade": {
    "criteria": {
      "has_iron_ingot": "2024-07-12 22:16:44 +0000"
    },
    "done": true
  },
  "ironshulkerbox:recipes/decorations/shulkerboxes/blue/iron/copper_iron_shulker_box": {
    "criteria": {
      "has_gold": "2024-07-12 22:16:44 +0000"
    },
    "done": true
  },
  "ironshulkerbox:recipes/decorations/shulkerboxes/brown/iron/copper_iron_shulker_box": {
    "criteria": {
      "has_gold": "2024-07-12 22:16:44 +0000"
    },
    "done": true
  },
  "ironchest:recipes/decorations/upgrades/wood_to_iron_chest_upgrade": {
    "criteria": {
      "has_iron_ingot": "2024-07-12 22:16:44 +0000"
    },
    "done": true
  },
  "minecraft:recipes/combat/diamond_sword": {
    "criteria": {
      "has_diamond": "2024-07-12 22:16:44 +0000"
    },
    "done": true
  },
  "minecraft:recipes/decorations/jukebox": {
    "criteria": {
      "has_diamond": "2024-07-12 22:16:44 +0000"
    },
    "done": true
  },
  "minecraft:recipes/combat/iron_helmet": {
    "criteria": {
      "has_iron_ingot": "2024-07-12 22:16:44 +0000"
    },
    "done": true
  },
  "minecraft:recipes/combat/diamond_chestplate": {
    "criteria": {
      "has_diamond": "2024-07-12 22:16:44 +0000"
    },
    "done": true
  },
  "knightquest:recipes/misc/bamboo_green_leggings": {
    "criteria": {
      "has_emerald": "2024-07-12 22:16:44 +0000"
    },
    "done": true
  },
  "knightquest:recipes/misc/kukri_dagger": {
    "criteria": {
      "has_iron_ingot": "2024-07-12 22:16:44 +0000"
    },
    "done": true
  },
  "immersive_aircraft:misc/aircraftery": {
    "criteria": {
      "has_item": "2024-07-12 22:16:44 +0000"
    },
    "done": true
  },
  "knightquest:recipes/misc/kukri": {
    "criteria": {
      "has_iron_ingot": "2024-07-12 22:16:44 +0000"
    },
    "done": true
  },
  "ironchest:recipes/decorations/chests/copper_iron_chest": {
    "criteria": {
      "has_iron_ingot": "2024-07-12 22:16:44 +0000"
    },
    "done": true
  },
  "minecraft:story/shiny_gear": {
    "criteria": {
      "diamond_leggings": "2024-07-12 22:16:44 +0000"
    },
    "done": true
  },
  "minecraft:recipes/tools/shears": {
    "criteria": {
      "has_iron_ingot": "2024-07-12 22:16:44 +0000"
    },
    "done": true
  },
  "minecraft:recipes/tools/diamond_pickaxe": {
    "criteria": {
      "has_diamond": "2024-07-12 22:16:44 +0000"
    },
    "done": true
  },
  "minecraft:recipes/building_blocks/iron_block": {
    "criteria": {
      "has_iron_ingot": "2024-07-12 22:16:44 +0000"
    },
    "done": true
  },
  "ironshulkerbox:recipes/decorations/upgrades/copper_to_iron_shulker_box_upgrade": {
    "criteria": {
      "has_iron_ingot": "2024-07-12 22:16:44 +0000"
    },
    "done": true
  },
  "create:recipes/misc/crafting/materials/andesite_alloy": {
    "criteria": {
      "has_item": "2024-07-12 22:16:44 +0000"
    },
    "done": true
  },
  "ironshulkerbox:recipes/decorations/shulkerboxes/gray/diamond/gold_diamond_shulker_box": {
    "criteria": {
      "has_diamonds": "2024-07-12 22:16:44 +0000"
    },
    "done": true
  },
  "minecraft:recipes/tools/diamond_hoe": {
    "criteria": {
      "has_diamond": "2024-07-12 22:16:44 +0000"
    },
    "done": true
  },
  "minecraft:recipes/tools/diamond_shovel": {
    "criteria": {
      "has_diamond": "2024-07-12 22:16:44 +0000"
    },
    "done": true
  },
  "ironshulkerbox:recipes/decorations/shulkerboxes/white/iron/copper_iron_shulker_box": {
    "criteria": {
      "has_gold": "2024-07-12 22:16:44 +0000"
    },
    "done": true
  },
  "minecraft:recipes/redstone/hopper": {
    "criteria": {
      "has_iron_ingot": "2024-07-12 22:16:44 +0000"
    },
    "done": true
  },
  "knightquest:recipes/misc/uchigatana_katana": {
    "criteria": {
      "has_diamond": "2024-07-12 22:16:44 +0000"
    },
    "done": true
  },
  "minecraft:recipes/combat/iron_boots": {
    "criteria": {
      "has_iron_ingot": "2024-07-12 22:16:44 +0000"
    },
    "done": true
  },
  "knightquest:recipes/misc/conquistador3_helmet": {
    "criteria": {
      "has_diamond": "2024-07-12 22:16:44 +0000"
    },
    "done": true
  },
  "minecraft:recipes/decorations/lantern": {
    "criteria": {
      "has_iron_ingot": "2024-07-12 22:16:44 +0000"
    },
    "done": true
  },
  "ironshulkerbox:recipes/decorations/shulkerboxes/light_blue/diamond/gold_diamond_shulker_box": {
    "criteria": {
      "has_diamonds": "2024-07-12 22:16:44 +0000"
    },
    "done": true
  },
  "minecraft:recipes/tools/iron_shovel": {
    "criteria": {
      "has_iron_ingot": "2024-07-12 22:16:44 +0000"
    },
    "done": true
  },
  "minecraft:recipes/combat/diamond_helmet": {
    "criteria": {
      "has_diamond": "2024-07-12 22:16:44 +0000"
    },
    "done": true
  },
  "knightquest:recipes/misc/husk_helmet2": {
    "criteria": {
      "has_emerald": "2024-07-12 22:16:44 +0000"
    },
    "done": true
  },
  "ironchest:recipes/decorations/upgrades/copper_to_iron_chest_upgrade": {
    "criteria": {
      "has_iron_ingot": "2024-07-12 22:16:44 +0000"
    },
    "done": true
  },
  "ironshulkerbox:recipes/decorations/shulkerboxes/orange/diamond/gold_diamond_shulker_box": {
    "criteria": {
      "has_diamonds": "2024-07-12 22:16:44 +0000"
    },
    "done": true
  },
  "ironchest:recipes/decorations/chests/vanilla_iron_chest": {
    "criteria": {
      "has_iron_ingot": "2024-07-12 22:16:44 +0000"
    },
    "done": true
  },
  "minecraft:recipes/redstone/iron_trapdoor": {
    "criteria": {
      "has_iron_ingot": "2024-07-12 22:16:44 +0000"
    },
    "done": true
  },
  "ironshulkerbox:recipes/decorations/shulkerboxes/light_gray/diamond/gold_diamond_shulker_box": {
    "criteria": {
      "has_diamonds": "2024-07-12 22:16:44 +0000"
    },
    "done": true
  },
  "knightquest:recipes/misc/uchigatana": {
    "criteria": {
      "has_diamond": "2024-07-12 22:16:44 +0000"
    },
    "done": true
  },
  "minecraft:recipes/combat/crossbow": {
    "criteria": {
      "has_iron_ingot": "2024-07-12 22:16:44 +0000"
    },
    "done": true
  },
  "minecraft:recipes/building_blocks/diamond_block": {
    "criteria": {
      "has_diamond": "2024-07-12 22:16:44 +0000"
    },
    "done": true
  },
  "ironshulkerbox:recipes/decorations/shulkerboxes/pink/iron/copper_iron_shulker_box": {
    "criteria": {
      "has_gold": "2024-07-12 22:16:44 +0000"
    },
    "done": true
  },
  "ironchest:recipes/decorations/chests/gold_diamond_chest": {
    "criteria": {
      "has_diamonds": "2024-07-12 22:16:44 +0000"
    },
    "done": true
  },
  "ironshulkerbox:recipes/decorations/shulkerboxes/light_gray/iron/copper_iron_shulker_box": {
    "criteria": {
      "has_gold": "2024-07-12 22:16:44 +0000"
    },
    "done": true
  },
  "knightquest:recipes/misc/bamboo_green_chestplate": {
    "criteria": {
      "has_emerald": "2024-07-12 22:16:44 +0000"
    },
    "done": true
  },
  "minecraft:story/mine_diamond": {
    "criteria": {
      "diamond": "2024-07-12 22:16:44 +0000"
    },
    "done": true
  },
  "ironshulkerbox:recipes/decorations/shulkerboxes/lime/diamond/gold_diamond_shulker_box": {
    "criteria": {
      "has_diamonds": "2024-07-12 22:16:44 +0000"
    },
    "done": true
  },
  "minecraft:recipes/redstone/heavy_weighted_pressure_plate": {
    "criteria": {
      "has_iron_ingot": "2024-07-12 22:16:44 +0000"
    },
    "done": true
  },
  "minecraft:recipes/combat/iron_leggings": {
    "criteria": {
      "has_iron_ingot": "2024-07-12 22:16:44 +0000"
    },
    "done": true
  },
  "minecraft:recipes/combat/diamond_leggings": {
    "criteria": {
      "has_diamond": "2024-07-12 22:16:44 +0000"
    },
    "done": true
  },
  "ironshulkerbox:recipes/decorations/shulkerboxes/light_blue/iron/copper_iron_shulker_box": {
    "criteria": {
      "has_gold": "2024-07-12 22:16:44 +0000"
    },
    "done": true
  },
  "minecraft:recipes/combat/iron_chestplate": {
    "criteria": {
      "has_iron_ingot": "2024-07-12 22:16:44 +0000"
    },
    "done": true
  },
  "minecraft:recipes/misc/iron_nugget": {
    "criteria": {
      "has_iron_ingot": "2024-07-12 22:16:44 +0000"
    },
    "done": true
  },
  "ironshulkerbox:recipes/decorations/shulkerboxes/default/iron/copper_iron_shulker_box": {
    "criteria": {
      "has_gold": "2024-07-12 22:16:44 +0000"
    },
    "done": true
  },
  "minecraft:recipes/misc/bucket": {
    "criteria": {
      "has_iron_ingot": "2024-07-12 22:16:44 +0000"
    },
    "done": true
  },
  "ironshulkerbox:recipes/decorations/shulkerboxes/purple/diamond/gold_diamond_shulker_box": {
    "criteria": {
      "has_diamonds": "2024-07-12 22:16:44 +0000"
    },
    "done": true
  },
  "minecraft:recipes/transportation/minecart": {
    "criteria": {
      "has_iron_ingot": "2024-07-12 22:16:44 +0000"
    },
    "done": true
  },
  "minecraft:recipes/tools/iron_hoe": {
    "criteria": {
      "has_iron_ingot": "2024-07-12 22:16:44 +0000"
    },
    "done": true
  },
  "ironshulkerbox:recipes/decorations/shulkerboxes/yellow/diamond/gold_diamond_shulker_box": {
    "criteria": {
      "has_diamonds": "2024-07-12 22:16:44 +0000"
    },
    "done": true
  },
  "minecraft:story/smelt_iron": {
    "criteria": {
      "iron": "2024-07-12 22:16:44 +0000"
    },
    "done": true
  },
  "minecraft:recipes/building_blocks/emerald_block": {
    "criteria": {
      "has_emerald": "2024-07-12 22:16:44 +0000"
    },
    "done": true
  },
  "minecraft:recipes/decorations/chain": {
    "criteria": {
      "has_iron_ingot": "2024-07-12 22:16:44 +0000"
    },
    "done": true
  },
  "ironshulkerbox:recipes/decorations/shulkerboxes/cyan/diamond/gold_diamond_shulker_box": {
    "criteria": {
      "has_diamonds": "2024-07-12 22:16:44 +0000"
    },
    "done": true
  },
  "minecraft:recipes/decorations/smithing_table": {
    "criteria": {
      "has_iron_ingot": "2024-07-12 22:16:44 +0000"
    },
    "done": true
  },
  "create:recipes/misc/crafting/kinetics/empty_blaze_burner": {
    "criteria": {
      "has_item": "2024-07-12 22:16:44 +0000"
    },
    "done": true
  },
  "ironshulkerbox:recipes/decorations/shulkerboxes/cyan/iron/copper_iron_shulker_box": {
    "criteria": {
      "has_gold": "2024-07-12 22:16:44 +0000"
    },
    "done": true
  },
  "ironshulkerbox:recipes/decorations/shulkerboxes/black/diamond/gold_diamond_shulker_box": {
    "criteria": {
      "has_diamonds": "2024-07-12 22:16:44 +0000"
    },
    "done": true
  },
  "minecraft:recipes/combat/diamond_boots": {
    "criteria": {
      "has_diamond": "2024-07-12 22:16:44 +0000"
    },
    "done": true
  },
  "minecraft:recipes/combat/iron_sword": {
    "criteria": {
      "has_iron_ingot": "2024-07-12 22:16:44 +0000"
    },
    "done": true
  },
  "minecraft:recipes/tools/iron_pickaxe": {
    "criteria": {
      "has_iron_ingot": "2024-07-12 22:16:44 +0000"
    },
    "done": true
  },
  "minecraft:recipes/combat/shield": {
    "criteria": {
      "has_iron_ingot": "2024-07-12 22:16:44 +0000"
    },
    "done": true
  },
  "minecraft:recipes/decorations/iron_bars": {
    "criteria": {
      "has_iron_ingot": "2024-07-12 22:16:44 +0000"
    },
    "done": true
  },
  "ironshulkerbox:recipes/decorations/shulkerboxes/magenta/iron/copper_iron_shulker_box": {
    "criteria": {
      "has_gold": "2024-07-12 22:16:44 +0000"
    },
    "done": true
  },
  "ironshulkerbox:recipes/decorations/shulkerboxes/blue/diamond/gold_diamond_shulker_box": {
    "criteria": {
      "has_diamonds": "2024-07-12 22:16:44 +0000"
    },
    "done": true
  },
  "ironshulkerbox:recipes/decorations/shulkerboxes/white/diamond/gold_diamond_shulker_box": {
    "criteria": {
      "has_diamonds": "2024-07-12 22:16:44 +0000"
    },
    "done": true
  },
  "ironshulkerbox:recipes/decorations/upgrades/vanilla_to_iron_shulker_box_upgrade": {
    "criteria": {
      "has_iron_ingot": "2024-07-12 22:16:44 +0000"
    },
    "done": true
  },
  "ironshulkerbox:recipes/decorations/shulkerboxes/yellow/iron/copper_iron_shulker_box": {
    "criteria": {
      "has_gold": "2024-07-12 22:16:44 +0000"
    },
    "done": true
  },
  "knightquest:recipes/misc/bamboo_green_helmet": {
    "criteria": {
      "has_emerald": "2024-07-12 22:16:44 +0000"
    },
    "done": true
  },
  "ironshulkerbox:recipes/decorations/shulkerboxes/pink/diamond/gold_diamond_shulker_box": {
    "criteria": {
      "has_diamonds": "2024-07-12 22:16:44 +0000"
    },
    "done": true
  },
  "ironshulkerbox:recipes/decorations/shulkerboxes/purple/iron/copper_iron_shulker_box": {
    "criteria": {
      "has_gold": "2024-07-12 22:16:44 +0000"
    },
    "done": true
  },
  "ironshulkerbox:recipes/decorations/shulkerboxes/default/diamond/gold_diamond_shulker_box": {
    "criteria": {
      "has_diamonds": "2024-07-12 22:16:44 +0000"
    },
    "done": true
  },
  "ironshulkerbox:recipes/decorations/shulkerboxes/brown/diamond/gold_diamond_shulker_box": {
    "criteria": {
      "has_diamonds": "2024-07-12 22:16:44 +0000"
    },
    "done": true
  },
  "ironchest:recipes/decorations/upgrades/iron_to_gold_chest_upgrade": {
    "criteria": {
      "has_iron_ingot": "2024-07-12 22:16:44 +0000"
    },
    "done": true
  },
  "ironshulkerbox:recipes/decorations/shulkerboxes/green/diamond/gold_diamond_shulker_box": {
    "criteria": {
      "has_diamonds": "2024-07-12 22:16:44 +0000"
    },
    "done": true
  },
  "man_of_many_planes:misc/expanded_aircraftery": {
    "criteria": {
      "has_item": "2024-07-12 22:16:44 +0000"
    },
    "done": true
  },
  "ironshulkerbox:recipes/decorations/shulkerboxes/orange/iron/copper_iron_shulker_box": {
    "criteria": {
      "has_gold": "2024-07-12 22:16:44 +0000"
    },
    "done": true
  },
  "ironshulkerbox:recipes/decorations/shulkerboxes/red/diamond/gold_diamond_shulker_box": {
    "criteria": {
      "has_diamonds": "2024-07-12 22:16:44 +0000"
    },
    "done": true
  },
  "ironshulkerbox:recipes/decorations/shulkerboxes/magenta/diamond/gold_diamond_shulker_box": {
    "criteria": {
      "has_diamonds": "2024-07-12 22:16:44 +0000"
    },
    "done": true
  },
  "minecraft:recipes/tools/iron_axe": {
    "criteria": {
      "has_iron_ingot": "2024-07-12 22:16:44 +0000"
    },
    "done": true
  },
  "knightquest:recipes/misc/bamboo_green_boots": {
    "criteria": {
      "has_emerald": "2024-07-12 22:16:44 +0000"
    },
    "done": true
  },
  "ironshulkerbox:recipes/decorations/shulkerboxes/black/iron/copper_iron_shulker_box": {
    "criteria": {
      "has_gold": "2024-07-12 22:16:44 +0000"
    },
    "done": true
  },
  "ironshulkerbox:recipes/decorations/shulkerboxes/gray/iron/copper_iron_shulker_box": {
    "criteria": {
      "has_gold": "2024-07-12 22:16:44 +0000"
    },
    "done": true
  },
  "ironshulkerbox:recipes/decorations/shulkerboxes/green/iron/copper_iron_shulker_box": {
    "criteria": {
      "has_gold": "2024-07-12 22:16:44 +0000"
    },
    "done": true
  },
  "ironshulkerbox:recipes/decorations/shulkerboxes/lime/iron/copper_iron_shulker_box": {
    "criteria": {
      "has_gold": "2024-07-12 22:16:44 +0000"
    },
    "done": true
  },
  "minecraft:recipes/tools/diamond_axe": {
    "criteria": {
      "has_diamond": "2024-07-12 22:16:44 +0000"
    },
    "done": true
  },
  "create:recipes/building_blocks/industrial_iron_block_from_ingots_iron_stonecutting": {
    "criteria": {
      "has_ingots_iron": "2024-07-12 22:16:44 +0000"
    },
    "done": true
  },
  "minecraft:recipes/redstone/iron_door": {
    "criteria": {
      "has_iron_ingot": "2024-07-12 22:16:44 +0000"
    },
    "done": true
  },
  "minecraft:recipes/misc/gold_ingot_from_blasting_raw_gold": {
    "criteria": {
      "has_raw_gold": "2024-07-12 22:16:45 +0000"
    },
    "done": true
  },
  "minecraft:recipes/misc/gold_ingot_from_smelting_raw_gold": {
    "criteria": {
      "has_raw_gold": "2024-07-12 22:16:45 +0000"
    },
    "done": true
  },
  "minecraft:recipes/building_blocks/raw_gold_block": {
    "criteria": {
      "has_raw_gold": "2024-07-12 22:16:45 +0000"
    },
    "done": true
  },
  "minecraft:recipes/decorations/chest": {
    "criteria": {
      "has_lots_of_items": "2024-07-12 22:16:46 +0000"
    },
    "done": true
  },
  "irons_spellbooks:irons_spellbooks/ink_root": {
    "criteria": {
      "requirement": "2024-07-12 22:16:46 +0000"
    },
    "done": true
  },
  "knightquest:recipes/misc/steel_sword": {
    "criteria": {
      "has_iron_sword": "2024-07-12 22:17:34 +0000"
    },
    "done": true
  },
  "minecraft:recipes/misc/iron_nugget_from_smelting": {
    "criteria": {
      "has_iron_sword": "2024-07-12 22:17:34 +0000"
    },
    "done": true
  },
  "minecraft:recipes/misc/iron_nugget_from_blasting": {
    "criteria": {
      "has_iron_sword": "2024-07-12 22:17:34 +0000"
    },
    "done": true
  },
  "minecraft:adventure/root": {
    "criteria": {
      "killed_something": "2024-07-12 22:19:27 +0000"
    },
    "done": true
  },
  "minecraft:recipes/food/cooked_beef_from_smoking": {
    "criteria": {
      "has_beef": "2024-07-12 22:19:28 +0000"
    },
    "done": true
  },
  "minecraft:recipes/food/cooked_beef": {
    "criteria": {
      "has_beef": "2024-07-12 22:19:28 +0000"
    },
    "done": true
  },
  "minecraft:recipes/food/cooked_beef_from_campfire_cooking": {
    "criteria": {
      "has_beef": "2024-07-12 22:19:28 +0000"
    },
    "done": true
  },
  "naturescompass:natures_compass": {
    "criteria": {
      "has_recipe": "2024-07-12 22:20:09 +0000"
    },
    "done": true
  },
  "minecraft:recipes/misc/charcoal": {
    "criteria": {
      "has_log": "2024-07-12 22:20:09 +0000"
    },
    "done": true
  },
  "naturescompass:natures_compass_log": {
    "criteria": {
      "has_recipe": "2024-07-12 22:20:09 +0000"
    },
    "done": true
  },
  "naturescompass:natures_compass_sapling": {
    "criteria": {
      "has_sapling": "2024-07-12 22:20:09 +0000"
    },
    "done": true
  },
  "minecraft:recipes/building_blocks/spruce_wood": {
    "criteria": {
      "has_log": "2024-07-12 22:20:09 +0000"
    },
    "done": true
  },
  "minecraft:recipes/building_blocks/spruce_planks": {
    "criteria": {
      "has_logs": "2024-07-12 22:20:09 +0000"
    },
    "done": true
  },
  "ironchest:recipes/decorations/chests/vanilla_dirt_chest": {
    "criteria": {
      "has_iron_ingot": "2024-07-12 22:20:23 +0000"
    },
    "done": true
  },
  "minecraft:story/mine_stone": {
    "criteria": {
      "get_stone": "2024-07-12 22:20:49 +0000"
    },
    "done": true
  },
  "minecraft:recipes/decorations/furnace": {
    "criteria": {
      "has_cobblestone": "2024-07-12 22:20:49 +0000"
    },
    "done": true
  },
  "minecraft:recipes/building_blocks/cobblestone_slab_from_cobblestone_stonecutting": {
    "criteria": {
      "has_cobblestone": "2024-07-12 22:20:49 +0000"
    },
    "done": true
  },
  "minecraft:recipes/building_blocks/stone": {
    "criteria": {
      "has_cobblestone": "2024-07-12 22:20:49 +0000"
    },
    "done": true
  },
  "minecraft:recipes/tools/stone_pickaxe": {
    "criteria": {
      "has_cobblestone": "2024-07-12 22:20:49 +0000"
    },
    "done": true
  },
  "minecraft:recipes/building_blocks/cobblestone_slab": {
    "criteria": {
      "has_cobblestone": "2024-07-12 22:20:49 +0000"
    },
    "done": true
  },
  "minecraft:recipes/decorations/cobblestone_wall_from_cobblestone_stonecutting": {
    "criteria": {
      "has_cobblestone": "2024-07-12 22:20:49 +0000"
    },
    "done": true
  },
  "minecraft:recipes/building_blocks/cobblestone_stairs": {
    "criteria": {
      "has_cobblestone": "2024-07-12 22:20:49 +0000"
    },
    "done": true
  },
  "minecraft:recipes/tools/stone_shovel": {
    "criteria": {
      "has_cobblestone": "2024-07-12 22:20:49 +0000"
    },
    "done": true
  },
  "minecraft:recipes/redstone/lever": {
    "criteria": {
      "has_cobblestone": "2024-07-12 22:20:49 +0000"
    },
    "done": true
  },
  "minecraft:recipes/combat/stone_sword": {
    "criteria": {
      "has_cobblestone": "2024-07-12 22:20:49 +0000"
    },
    "done": true
  },
  "minecraft:recipes/decorations/cobblestone_wall": {
    "criteria": {
      "has_cobblestone": "2024-07-12 22:20:49 +0000"
    },
    "done": true
  },
  "minecraft:recipes/tools/stone_axe": {
    "criteria": {
      "has_cobblestone": "2024-07-12 22:20:49 +0000"
    },
    "done": true
  },
  "minecraft:recipes/building_blocks/cobblestone_stairs_from_cobblestone_stonecutting": {
    "criteria": {
      "has_cobblestone": "2024-07-12 22:20:49 +0000"
    },
    "done": true
  },
  "minecraft:recipes/tools/stone_hoe": {
    "criteria": {
      "has_cobblestone": "2024-07-12 22:20:49 +0000"
    },
    "done": true
  },
  "minecraft:recipes/decorations/smoker": {
    "criteria": {
      "has_furnace": "2024-07-12 22:20:53 +0000"
    },
    "done": true
  },
  "minecraft:recipes/misc/stick": {
    "criteria": {
      "has_planks": "2024-07-12 22:20:58 +0000"
    },
    "done": true
  },
  "minecraft:recipes/decorations/spruce_fence": {
    "criteria": {
      "has_planks": "2024-07-12 22:20:58 +0000"
    },
    "done": true
  },
  "create:recipes/building_blocks/spruce_window": {
    "criteria": {
      "has_ingredient": "2024-07-12 22:20:58 +0000"
    },
    "done": true
  },
  "minecraft:recipes/redstone/spruce_button": {
    "criteria": {
      "has_planks": "2024-07-12 22:20:58 +0000"
    },
    "done": true
  },
  "minecraft:recipes/redstone/spruce_pressure_plate": {
    "criteria": {
      "has_planks": "2024-07-12 22:20:58 +0000"
    },
    "done": true
  },
  "minecraft:recipes/decorations/barrel": {
    "criteria": {
      "has_planks": "2024-07-12 22:20:58 +0000"
    },
    "done": true
  },
  "minecraft:recipes/decorations/spruce_sign": {
    "criteria": {
      "has_planks": "2024-07-12 22:20:58 +0000"
    },
    "done": true
  },
  "minecraft:recipes/building_blocks/spruce_slab": {
    "criteria": {
      "has_planks": "2024-07-12 22:20:58 +0000"
    },
    "done": true
  },
  "minecraft:recipes/redstone/spruce_trapdoor": {
    "criteria": {
      "has_planks": "2024-07-12 22:20:58 +0000"
    },
    "done": true
  },
  "minecraft:recipes/redstone/spruce_door": {
    "criteria": {
      "has_planks": "2024-07-12 22:20:58 +0000"
    },
    "done": true
  },
  "minecraft:recipes/redstone/spruce_fence_gate": {
    "criteria": {
      "has_planks": "2024-07-12 22:20:58 +0000"
    },
    "done": true
  },
  "minecraft:recipes/building_blocks/spruce_stairs": {
    "criteria": {
      "has_planks": "2024-07-12 22:20:58 +0000"
    },
    "done": true
  },
  "minecraft:recipes/decorations/composter": {
    "criteria": {
      "has_wood_slab": "2024-07-12 22:21:06 +0000"
    },
    "done": true
  },
  "slashblade:material/proudsoul": {
    "criteria": {
      "BrokenBlade": "2024-07-12 22:22:38 +0000"
    },
    "done": true
  },
  "minecraft:husbandry/root": {
    "criteria": {
      "consumed_item": "2024-07-12 22:22:38 +0000"
    },
    "done": true
  },
  "minecraft:husbandry/balanced_diet": {
    "criteria": {
      "cooked_beef": "2024-07-12 22:22:38 +0000",
      "bread": "2024-07-12 23:00:23 +0000"
    },
    "done": false
  },
  "minecraft:adventure/kill_all_mobs": {
    "criteria": {
      "minecraft:skeleton": "2024-07-12 22:25:22 +0000",
      "minecraft:vindicator": "2024-07-12 23:10:03 +0000",
      "minecraft:spider": "2024-07-12 22:27:19 +0000",
      "minecraft:creeper": "2024-07-12 22:27:45 +0000",
      "minecraft:vex": "2024-07-12 23:12:26 +0000",
      "minecraft:zombie": "2024-07-12 22:25:23 +0000",
      "minecraft:drowned": "2024-07-12 23:04:07 +0000"
    },
    "done": false
  },
  "minecraft:adventure/kill_a_mob": {
    "criteria": {
      "minecraft:skeleton": "2024-07-12 22:25:22 +0000"
    },
    "done": true
  },
  "minecraft:recipes/decorations/ladder": {
    "criteria": {
      "has_stick": "2024-07-12 22:26:33 +0000"
    },
    "done": true
  },
  "minecraft:recipes/tools/wooden_axe": {
    "criteria": {
      "has_stick": "2024-07-12 22:26:33 +0000"
    },
    "done": true
  },
  "minecraft:recipes/decorations/campfire": {
    "criteria": {
      "has_stick": "2024-07-12 22:26:33 +0000"
    },
    "done": true
  },
  "minecraft:recipes/tools/wooden_hoe": {
    "criteria": {
      "has_stick": "2024-07-12 22:26:33 +0000"
    },
    "done": true
  },
  "minecraft:recipes/tools/wooden_shovel": {
    "criteria": {
      "has_stick": "2024-07-12 22:26:33 +0000"
    },
    "done": true
  },
  "minecraft:recipes/combat/wooden_sword": {
    "criteria": {
      "has_stick": "2024-07-12 22:26:33 +0000"
    },
    "done": true
  },
  "minecraft:recipes/tools/wooden_pickaxe": {
    "criteria": {
      "has_stick": "2024-07-12 22:26:33 +0000"
    },
    "done": true
  },
  "minecraft:story/iron_tools": {
    "criteria": {
      "iron_pickaxe": "2024-07-12 22:26:37 +0000"
    },
    "done": true
  },
  "tombstone:adventure/find_grave_dust": {
    "criteria": {
      "from_undead": "2024-07-12 22:26:58 +0000"
    },
    "done": true
  },
  "tombstone:recipes/from_grave_dust": {
    "criteria": {
      "has_ingredient": "2024-07-12 22:26:58 +0000"
    },
    "done": true
  },
  "mekanismadditions:hurt_by_babies": {
    "criteria": {
      "baby_stray": "2024-07-12 22:28:13 +0000",
      "baby_creeper": "2024-07-12 22:27:03 +0000",
      "baby_skeleton": "2024-07-12 23:24:25 +0000"
    },
    "done": false
  },
  "knightquest:recipes/misc/forze_boots": {
    "criteria": {
      "has_spider_eye": "2024-07-12 22:27:20 +0000"
    },
    "done": true
  },
  "knightquest:recipes/misc/forze_helmet": {
    "criteria": {
      "has_spider_eye": "2024-07-12 22:27:20 +0000"
    },
    "done": true
  },
  "knightquest:recipes/misc/spider_helmet": {
    "criteria": {
      "has_spider_eye": "2024-07-12 22:27:20 +0000"
    },
    "done": true
  },
  "knightquest:recipes/misc/spider_boots": {
    "criteria": {
      "has_spider_eye": "2024-07-12 22:27:20 +0000"
    },
    "done": true
  },
  "knightquest:recipes/misc/forze_chestplate": {
    "criteria": {
      "has_spider_eye": "2024-07-12 22:27:20 +0000"
    },
    "done": true
  },
  "minecraft:recipes/brewing/fermented_spider_eye": {
    "criteria": {
      "has_spider_eye": "2024-07-12 22:27:20 +0000"
    },
    "done": true
  },
  "knightquest:recipes/misc/spider_chestplate": {
    "criteria": {
      "has_spider_eye": "2024-07-12 22:27:20 +0000"
    },
    "done": true
  },
  "knightquest:recipes/misc/forze_leggings": {
    "criteria": {
      "has_spider_eye": "2024-07-12 22:27:20 +0000"
    },
    "done": true
  },
  "knightquest:recipes/misc/spider_leggings": {
    "criteria": {
      "has_spider_eye": "2024-07-12 22:27:20 +0000"
    },
    "done": true
  },
  "minecraft:recipes/redstone/tripwire_hook": {
    "criteria": {
      "has_string": "2024-07-12 22:27:21 +0000"
    },
    "done": true
  },
  "minecraft:recipes/decorations/candle": {
    "criteria": {
      "has_string": "2024-07-12 22:27:21 +0000"
    },
    "done": true
  },
  "minecraft:recipes/combat/bow": {
    "criteria": {
      "has_string": "2024-07-12 22:27:21 +0000"
    },
    "done": true
  },
  "minecraft:recipes/tools/fishing_rod": {
    "criteria": {
      "has_string": "2024-07-12 22:27:21 +0000"
    },
    "done": true
  },
  "minecraft:recipes/building_blocks/white_wool_from_string": {
    "criteria": {
      "has_string": "2024-07-12 22:27:21 +0000"
    },
    "done": true
  },
  "minecraft:recipes/decorations/loom": {
    "criteria": {
      "has_string": "2024-07-12 22:27:21 +0000"
    },
    "done": true
  },
  "mekanismadditions:not_the_babies": {
    "criteria": {
      "baby_stray": "2024-07-12 22:28:35 +0000"
    },
    "done": true
  },
  "knightquest:recipes/misc/wither_helmet": {
    "criteria": {
      "has_bone": "2024-07-12 22:28:36 +0000"
    },
    "done": true
  },
  "knightquest:recipes/misc/skeleton_chestplate": {
    "criteria": {
      "has_bone": "2024-07-12 22:28:36 +0000"
    },
    "done": true
  },
  "knightquest:recipes/misc/wither_boots": {
    "criteria": {
      "has_bone": "2024-07-12 22:28:36 +0000"
    },
    "done": true
  },
  "knightquest:recipes/misc/bow_chestplate": {
    "criteria": {
      "has_arrow": "2024-07-12 22:28:36 +0000"
    },
    "done": true
  },
  "knightquest:recipes/misc/pirate_helmet": {
    "criteria": {
      "has_bone": "2024-07-12 22:28:36 +0000"
    },
    "done": true
  },
  "knightquest:recipes/misc/wither_leggings": {
    "criteria": {
      "has_bone": "2024-07-12 22:28:36 +0000"
    },
    "done": true
  },
  "knightquest:recipes/misc/bow_helmet": {
    "criteria": {
      "has_arrow": "2024-07-12 22:28:36 +0000"
    },
    "done": true
  },
  "knightquest:recipes/misc/wither_chestplate": {
    "criteria": {
      "has_bone": "2024-07-12 22:28:36 +0000"
    },
    "done": true
  },
  "knightquest:recipes/misc/skeleton_helmet": {
    "criteria": {
      "has_bone": "2024-07-12 22:28:36 +0000"
    },
    "done": true
  },
  "knightquest:recipes/misc/pirate_chestplate": {
    "criteria": {
      "has_bone": "2024-07-12 22:28:36 +0000"
    },
    "done": true
  },
  "knightquest:recipes/misc/bow_leggings": {
    "criteria": {
      "has_arrow": "2024-07-12 22:28:36 +0000"
    },
    "done": true
  },
  "knightquest:recipes/misc/skeleton_leggings": {
    "criteria": {
      "has_bone": "2024-07-12 22:28:36 +0000"
    },
    "done": true
  },
  "knightquest:recipes/misc/pirate_leggings": {
    "criteria": {
      "has_bone": "2024-07-12 22:28:36 +0000"
    },
    "done": true
  },
  "knightquest:recipes/misc/bow_boots": {
    "criteria": {
      "has_arrow": "2024-07-12 22:28:36 +0000"
    },
    "done": true
  },
  "knightquest:recipes/misc/pirate_boots": {
    "criteria": {
      "has_bone": "2024-07-12 22:28:36 +0000"
    },
    "done": true
  },
  "minecraft:recipes/misc/bone_meal": {
    "criteria": {
      "has_bone": "2024-07-12 22:28:36 +0000"
    },
    "done": true
  },
  "knightquest:recipes/misc/skeleton_boots": {
    "criteria": {
      "has_bone": "2024-07-12 22:28:36 +0000"
    },
    "done": true
  },
  "minecraft:recipes/food/baked_potato_from_campfire_cooking": {
    "criteria": {
      "has_potato": "2024-07-12 22:29:16 +0000"
    },
    "done": true
  },
  "minecraft:recipes/food/baked_potato": {
    "criteria": {
      "has_potato": "2024-07-12 22:29:16 +0000"
    },
    "done": true
  },
  "minecraft:recipes/food/baked_potato_from_smoking": {
    "criteria": {
      "has_potato": "2024-07-12 22:29:16 +0000"
    },
    "done": true
  },
  "knightquest:recipes/misc/bamboo_chestplate": {
    "criteria": {
      "has_coal": "2024-07-12 22:29:19 +0000"
    },
    "done": true
  },
  "knightquest:recipes/misc/bamboo_leggings": {
    "criteria": {
      "has_coal": "2024-07-12 22:29:19 +0000"
    },
    "done": true
  },
  "knightquest:recipes/misc/bamboo_boots": {
    "criteria": {
      "has_coal": "2024-07-12 22:29:19 +0000"
    },
    "done": true
  },
  "minecraft:recipes/building_blocks/coal_block": {
    "criteria": {
      "has_coal": "2024-07-12 22:29:19 +0000"
    },
    "done": true
  },
  "knightquest:recipes/misc/bamboo_helmet": {
    "criteria": {
      "has_coal": "2024-07-12 22:29:19 +0000"
    },
    "done": true
  },
  "knightquest:recipes/misc/bamboo_blue_leggings": {
    "criteria": {
      "has_gold_ingot": "2024-07-12 22:29:25 +0000"
    },
    "done": true
  },
  "ironshulkerbox:recipes/decorations/shulkerboxes/purple/gold/iron_gold_shulker_box": {
    "criteria": {
      "has_gold": "2024-07-12 22:29:25 +0000"
    },
    "done": true
  },
  "ironshulkerbox:recipes/decorations/shulkerboxes/black/iron/vanilla_iron_shulker_box": {
    "criteria": {
      "has_gold": "2024-07-12 22:29:25 +0000"
    },
    "done": true
  },
  "minecraft:recipes/tools/golden_axe": {
    "criteria": {
      "has_gold_ingot": "2024-07-12 22:29:25 +0000"
    },
    "done": true
  },
  "minecraft:recipes/tools/golden_pickaxe": {
    "criteria": {
      "has_gold_ingot": "2024-07-12 22:29:25 +0000"
    },
    "done": true
  },
  "minecraft:recipes/misc/gold_nugget": {
    "criteria": {
      "has_gold_ingot": "2024-07-12 22:29:25 +0000"
    },
    "done": true
  },
  "minecraft:recipes/tools/golden_shovel": {
    "criteria": {
      "has_gold_ingot": "2024-07-12 22:29:25 +0000"
    },
    "done": true
  },
  "minecraft:recipes/food/golden_apple": {
    "criteria": {
      "has_gold_ingot": "2024-07-12 22:29:25 +0000"
    },
    "done": true
  },
  "minecraft:recipes/combat/golden_boots": {
    "criteria": {
      "has_gold_ingot": "2024-07-12 22:29:25 +0000"
    },
    "done": true
  },
  "ironshulkerbox:recipes/decorations/shulkerboxes/brown/iron/vanilla_iron_shulker_box": {
    "criteria": {
      "has_gold": "2024-07-12 22:29:25 +0000"
    },
    "done": true
  },
  "ironshulkerbox:recipes/decorations/shulkerboxes/black/gold/iron_gold_shulker_box": {
    "criteria": {
      "has_gold": "2024-07-12 22:29:25 +0000"
    },
    "done": true
  },
  "ironshulkerbox:recipes/decorations/shulkerboxes/cyan/gold/iron_gold_shulker_box": {
    "criteria": {
      "has_gold": "2024-07-12 22:29:25 +0000"
    },
    "done": true
  },
  "ironshulkerbox:recipes/decorations/shulkerboxes/blue/iron/vanilla_iron_shulker_box": {
    "criteria": {
      "has_gold": "2024-07-12 22:29:25 +0000"
    },
    "done": true
  },
  "ironshulkerbox:recipes/decorations/shulkerboxes/gray/iron/vanilla_iron_shulker_box": {
    "criteria": {
      "has_gold": "2024-07-12 22:29:25 +0000"
    },
    "done": true
  },
  "ironshulkerbox:recipes/decorations/shulkerboxes/yellow/gold/iron_gold_shulker_box": {
    "criteria": {
      "has_gold": "2024-07-12 22:29:25 +0000"
    },
    "done": true
  },
  "knightquest:recipes/misc/bamboo_blue_helmet": {
    "criteria": {
      "has_gold_ingot": "2024-07-12 22:29:25 +0000"
    },
    "done": true
  },
  "minecraft:recipes/combat/golden_chestplate": {
    "criteria": {
      "has_gold_ingot": "2024-07-12 22:29:25 +0000"
    },
    "done": true
  },
  "knightquest:recipes/misc/warlord_helmet": {
    "criteria": {
      "has_gold_ingot": "2024-07-12 22:29:25 +0000"
    },
    "done": true
  },
  "minecraft:recipes/redstone/light_weighted_pressure_plate": {
    "criteria": {
      "has_gold_ingot": "2024-07-12 22:29:25 +0000"
    },
    "done": true
  },
  "ironshulkerbox:recipes/decorations/shulkerboxes/red/iron/vanilla_iron_shulker_box": {
    "criteria": {
      "has_gold": "2024-07-12 22:29:25 +0000"
    },
    "done": true
  },
  "ironshulkerbox:recipes/decorations/shulkerboxes/light_gray/gold/iron_gold_shulker_box": {
    "criteria": {
      "has_gold": "2024-07-12 22:29:25 +0000"
    },
    "done": true
  },
  "ironshulkerbox:recipes/decorations/shulkerboxes/pink/iron/vanilla_iron_shulker_box": {
    "criteria": {
      "has_gold": "2024-07-12 22:29:25 +0000"
    },
    "done": true
  },
  "ironshulkerbox:recipes/decorations/shulkerboxes/gray/gold/iron_gold_shulker_box": {
    "criteria": {
      "has_gold": "2024-07-12 22:29:25 +0000"
    },
    "done": true
  },
  "knightquest:recipes/misc/warlord_boots": {
    "criteria": {
      "has_gold_ingot": "2024-07-12 22:29:25 +0000"
    },
    "done": true
  },
  "ironshulkerbox:recipes/decorations/shulkerboxes/lime/gold/iron_gold_shulker_box": {
    "criteria": {
      "has_gold": "2024-07-12 22:29:25 +0000"
    },
    "done": true
  },
  "ironshulkerbox:recipes/decorations/shulkerboxes/white/gold/iron_gold_shulker_box": {
    "criteria": {
      "has_gold": "2024-07-12 22:29:25 +0000"
    },
    "done": true
  },
  "ironshulkerbox:recipes/decorations/shulkerboxes/orange/iron/vanilla_iron_shulker_box": {
    "criteria": {
      "has_gold": "2024-07-12 22:29:25 +0000"
    },
    "done": true
  },
  "ironshulkerbox:recipes/decorations/shulkerboxes/cyan/iron/vanilla_iron_shulker_box": {
    "criteria": {
      "has_gold": "2024-07-12 22:29:25 +0000"
    },
    "done": true
  },
  "knightquest:recipes/misc/bamboo_blue_chestplate": {
    "criteria": {
      "has_gold_ingot": "2024-07-12 22:29:25 +0000"
    },
    "done": true
  },
  "ironchest:recipes/decorations/chests/iron_gold_chest": {
    "criteria": {
      "has_gold_ingot": "2024-07-12 22:29:25 +0000"
    },
    "done": true
  },
  "ironshulkerbox:recipes/decorations/shulkerboxes/light_blue/gold/iron_gold_shulker_box": {
    "criteria": {
      "has_gold": "2024-07-12 22:29:25 +0000"
    },
    "done": true
  },
  "minecraft:recipes/combat/golden_sword": {
    "criteria": {
      "has_gold_ingot": "2024-07-12 22:29:25 +0000"
    },
    "done": true
  },
  "ironshulkerbox:recipes/decorations/shulkerboxes/brown/gold/iron_gold_shulker_box": {
    "criteria": {
      "has_gold": "2024-07-12 22:29:25 +0000"
    },
    "done": true
  },
  "ironshulkerbox:recipes/decorations/shulkerboxes/orange/gold/iron_gold_shulker_box": {
    "criteria": {
      "has_gold": "2024-07-12 22:29:25 +0000"
    },
    "done": true
  },
  "minecraft:recipes/building_blocks/gold_block": {
    "criteria": {
      "has_gold_ingot": "2024-07-12 22:29:25 +0000"
    },
    "done": true
  },
  "ironshulkerbox:recipes/decorations/shulkerboxes/default/gold/iron_gold_shulker_box": {
    "criteria": {
      "has_gold": "2024-07-12 22:29:25 +0000"
    },
    "done": true
  },
  "ironshulkerbox:recipes/decorations/shulkerboxes/light_blue/iron/vanilla_iron_shulker_box": {
    "criteria": {
      "has_gold": "2024-07-12 22:29:25 +0000"
    },
    "done": true
  },
  "ironshulkerbox:recipes/decorations/shulkerboxes/red/gold/iron_gold_shulker_box": {
    "criteria": {
      "has_gold": "2024-07-12 22:29:25 +0000"
    },
    "done": true
  },
  "ironshulkerbox:recipes/decorations/shulkerboxes/white/iron/vanilla_iron_shulker_box": {
    "criteria": {
      "has_gold": "2024-07-12 22:29:25 +0000"
    },
    "done": true
  },
  "knightquest:recipes/misc/warlord_leggings": {
    "criteria": {
      "has_gold_ingot": "2024-07-12 22:29:25 +0000"
    },
    "done": true
  },
  "ironshulkerbox:recipes/decorations/shulkerboxes/lime/iron/vanilla_iron_shulker_box": {
    "criteria": {
      "has_gold": "2024-07-12 22:29:25 +0000"
    },
    "done": true
  },
  "knightquest:recipes/misc/bamboo_blue_boots": {
    "criteria": {
      "has_gold_ingot": "2024-07-12 22:29:25 +0000"
    },
    "done": true
  },
  "ironshulkerbox:recipes/decorations/shulkerboxes/blue/gold/iron_gold_shulker_box": {
    "criteria": {
      "has_gold": "2024-07-12 22:29:25 +0000"
    },
    "done": true
  },
  "ironshulkerbox:recipes/decorations/shulkerboxes/default/iron/vanilla_iron_shulker_box": {
    "criteria": {
      "has_gold": "2024-07-12 22:29:25 +0000"
    },
    "done": true
  },
  "minecraft:recipes/combat/golden_helmet": {
    "criteria": {
      "has_gold_ingot": "2024-07-12 22:29:25 +0000"
    },
    "done": true
  },
  "minecraft:recipes/decorations/glow_item_frame": {
    "criteria": {
      "has_item_frame": "2024-07-12 22:29:25 +0000"
    },
    "done": true
  },
  "ironshulkerbox:recipes/decorations/shulkerboxes/green/gold/iron_gold_shulker_box": {
    "criteria": {
      "has_gold": "2024-07-12 22:29:25 +0000"
    },
    "done": true
  },
  "ironshulkerbox:recipes/decorations/shulkerboxes/light_gray/iron/vanilla_iron_shulker_box": {
    "criteria": {
      "has_gold": "2024-07-12 22:29:25 +0000"
    },
    "done": true
  },
  "knightquest:recipes/misc/warlord_chestplate": {
    "criteria": {
      "has_gold_ingot": "2024-07-12 22:29:25 +0000"
    },
    "done": true
  },
  "ironshulkerbox:recipes/decorations/shulkerboxes/pink/gold/iron_gold_shulker_box": {
    "criteria": {
      "has_gold": "2024-07-12 22:29:25 +0000"
    },
    "done": true
  },
  "ironshulkerbox:recipes/decorations/shulkerboxes/green/iron/vanilla_iron_shulker_box": {
    "criteria": {
      "has_gold": "2024-07-12 22:29:25 +0000"
    },
    "done": true
  },
  "ironshulkerbox:recipes/decorations/shulkerboxes/yellow/iron/vanilla_iron_shulker_box": {
    "criteria": {
      "has_gold": "2024-07-12 22:29:25 +0000"
    },
    "done": true
  },
  "ironshulkerbox:recipes/decorations/shulkerboxes/magenta/gold/iron_gold_shulker_box": {
    "criteria": {
      "has_gold": "2024-07-12 22:29:25 +0000"
    },
    "done": true
  },
  "minecraft:recipes/tools/golden_hoe": {
    "criteria": {
      "has_gold_ingot": "2024-07-12 22:29:25 +0000"
    },
    "done": true
  },
  "ironshulkerbox:recipes/decorations/shulkerboxes/purple/iron/vanilla_iron_shulker_box": {
    "criteria": {
      "has_gold": "2024-07-12 22:29:25 +0000"
    },
    "done": true
  },
  "ironshulkerbox:recipes/decorations/shulkerboxes/magenta/iron/vanilla_iron_shulker_box": {
    "criteria": {
      "has_gold": "2024-07-12 22:29:25 +0000"
    },
    "done": true
  },
  "minecraft:recipes/combat/golden_leggings": {
    "criteria": {
      "has_gold_ingot": "2024-07-12 22:29:25 +0000"
    },
    "done": true
  },
  "knightquest:recipes/misc/polar_boots": {
    "criteria": {
      "has_snowball": "2024-07-12 22:29:33 +0000"
    },
    "done": true
  },
  "knightquest:recipes/misc/polar_leggings": {
    "criteria": {
      "has_snowball": "2024-07-12 22:29:33 +0000"
    },
    "done": true
  },
  "minecraft:recipes/decorations/snow": {
    "criteria": {
      "has_snowball": "2024-07-12 22:29:33 +0000"
    },
    "done": true
  },
  "knightquest:recipes/misc/polar_helmet": {
    "criteria": {
      "has_snowball": "2024-07-12 22:29:33 +0000"
    },
    "done": true
  },
  "knightquest:recipes/misc/polar_chestplate": {
    "criteria": {
      "has_snowball": "2024-07-12 22:29:33 +0000"
    },
    "done": true
  },
  "minecraft:recipes/building_blocks/snow_block": {
    "criteria": {
      "has_snowball": "2024-07-12 22:29:33 +0000"
    },
    "done": true
  },
  "minecraft:adventure/sleep_in_bed": {
    "criteria": {
      "slept_in_bed": "2024-07-12 22:31:10 +0000"
    },
    "done": true
  },
  "minecraft:adventure/lightning_rod_with_villager_no_fire": {
    "criteria": {
      "lightning_rod_with_villager_no_fire": "2024-07-12 22:34:19 +0000"
    },
    "done": true
  },
  "knightquest:recipes/misc/creeper_boots": {
    "criteria": {
      "has_tnt": "2024-07-12 22:36:38 +0000"
    },
    "done": true
  },
  "knightquest:recipes/misc/creeper_chestplate": {
    "criteria": {
      "has_tnt": "2024-07-12 22:36:38 +0000"
    },
    "done": true
  },
  "knightquest:recipes/misc/creeper_leggings": {
    "criteria": {
      "has_tnt": "2024-07-12 22:36:38 +0000"
    },
    "done": true
  },
  "knightquest:recipes/misc/creeper_helmet": {
    "criteria": {
      "has_tnt": "2024-07-12 22:36:38 +0000"
    },
    "done": true
  },
  "minecraft:story/lava_bucket": {
    "criteria": {
      "lava_bucket": "2024-07-12 22:36:58 +0000"
    },
    "done": true
  },
  "minecraft:story/obtain_armor": {
    "criteria": {
      "iron_chestplate": "2024-07-12 22:37:04 +0000"
    },
    "done": true
  },
  "knightquest:recipes/misc/chainmail_helmet": {
    "criteria": {
      "has_iron_helmet": "2024-07-12 22:37:16 +0000"
    },
    "done": true
  },
  "knightquest:recipes/misc/chainmail_helmet2": {
    "criteria": {
      "has_iron_helmet": "2024-07-12 22:37:16 +0000"
    },
    "done": true
  },
  "knightquest:recipes/misc/silver_helmet": {
    "criteria": {
      "has_iron_block": "2024-07-12 22:37:36 +0000"
    },
    "done": true
  },
  "minecraft:recipes/misc/iron_ingot_from_iron_block": {
    "criteria": {
      "has_iron_block": "2024-07-12 22:37:36 +0000"
    },
    "done": true
  },
  "knightquest:recipes/misc/nail_sword": {
    "criteria": {
      "has_iron_block": "2024-07-12 22:37:36 +0000"
    },
    "done": true
  },
  "knightquest:recipes/misc/nail_glaive": {
    "criteria": {
      "has_iron_block": "2024-07-12 22:37:36 +0000"
    },
    "done": true
  },
  "knightquest:recipes/misc/silver_leggings": {
    "criteria": {
      "has_iron_block": "2024-07-12 22:37:36 +0000"
    },
    "done": true
  },
  "knightquest:recipes/misc/silver_chestplate": {
    "criteria": {
      "has_iron_block": "2024-07-12 22:37:36 +0000"
    },
    "done": true
  },
  "minecraft:recipes/decorations/anvil": {
    "criteria": {
      "has_iron_block": "2024-07-12 22:37:36 +0000"
    },
    "done": true
  },
  "knightquest:recipes/misc/silver_boots": {
    "criteria": {
      "has_iron_block": "2024-07-12 22:37:36 +0000"
    },
    "done": true
  },
  "minecraft:recipes/transportation/cherry_boat": {
    "criteria": {
      "in_water": "2024-07-12 22:41:09 +0000"
    },
    "done": true
  },
  "minecraft:recipes/transportation/bamboo_raft": {
    "criteria": {
      "in_water": "2024-07-12 22:41:09 +0000"
    },
    "done": true
  },
  "minecraft:recipes/transportation/acacia_boat": {
    "criteria": {
      "in_water": "2024-07-12 22:41:09 +0000"
    },
    "done": true
  },
  "minecraft:recipes/transportation/jungle_boat": {
    "criteria": {
      "in_water": "2024-07-12 22:41:09 +0000"
    },
    "done": true
  },
  "minecraft:recipes/transportation/spruce_boat": {
    "criteria": {
      "in_water": "2024-07-12 22:41:09 +0000"
    },
    "done": true
  },
  "minecraft:recipes/transportation/birch_boat": {
    "criteria": {
      "in_water": "2024-07-12 22:41:09 +0000"
    },
    "done": true
  },
  "minecraft:recipes/transportation/oak_boat": {
    "criteria": {
      "in_water": "2024-07-12 22:41:09 +0000"
    },
    "done": true
  },
  "minecraft:recipes/transportation/mangrove_boat": {
    "criteria": {
      "in_water": "2024-07-12 22:41:09 +0000"
    },
    "done": true
  },
  "minecraft:recipes/transportation/dark_oak_boat": {
    "criteria": {
      "in_water": "2024-07-12 22:41:09 +0000"
    },
    "done": true
  },
  "tombstone:adventure/first_knowledge": {
    "criteria": {
      "coded_trigger": "2024-07-12 22:42:44 +0000"
    },
    "done": true
  },
  "tombstone:adventure/ashes_and_bones": {
    "criteria": {
      "coded_trigger": "2024-07-12 22:42:44 +0000"
    },
    "done": true
  },
  "minecraft:recipes/misc/bowl": {
    "criteria": {
      "has_brown_mushroom": "2024-07-12 22:43:06 +0000"
    },
    "done": true
  },
  "minecraft:recipes/food/mushroom_stew": {
    "criteria": {
      "has_brown_mushroom": "2024-07-12 22:43:06 +0000"
    },
    "done": true
  },
  "minecraft:recipes/building_blocks/polished_deepslate": {
    "criteria": {
      "has_cobbled_deepslate": "2024-07-12 23:00:49 +0000"
    },
    "done": true
  },
  "ironshulkerbox:recipes/decorations/shulkerboxes/white/obsidian/diamond_obsidian_shulker_box": {
    "criteria": {
      "has_obsidian": "2024-07-12 22:52:41 +0000"
    },
    "done": true
  },
  "create:recipes/building_blocks/cut_tuff_from_stone_types_tuff_stonecutting": {
    "criteria": {
      "has_stone_types_tuff": "2024-07-13 00:22:03 +0000"
    },
    "done": true
  },
  "minecraft:recipes/building_blocks/deepslate_tile_stairs_from_cobbled_deepslate_stonecutting": {
    "criteria": {
      "has_cobbled_deepslate": "2024-07-12 23:00:49 +0000"
    },
    "done": true
  },
  "create:recipes/misc/crafting/kinetics/steam_whistle": {
    "criteria": {
      "has_item": "2024-07-13 00:50:48 +0000"
    },
    "done": true
  },
  "minecraft:recipes/decorations/oak_sign": {
    "criteria": {
      "has_planks": "2024-07-12 23:16:02 +0000"
    },
    "done": true
  },
  "create:recipes/building_blocks/polished_cut_andesite_stairs_from_stone_types_andesite_stonecutting": {
    "criteria": {
      "has_stone_types_andesite": "2024-07-12 23:16:26 +0000"
    },
    "done": true
  },
  "create:recipes/misc/crafting/appliances/copper_backtank": {
    "criteria": {
      "has_item": "2024-07-13 00:50:48 +0000"
    },
    "done": true
  },
  "minecraft:recipes/building_blocks/raw_iron_block": {
    "criteria": {
      "has_raw_iron": "2024-07-12 22:56:03 +0000"
    },
    "done": true
  },
  "create:recipes/building_blocks/polished_cut_tuff_from_stone_types_tuff_stonecutting": {
    "criteria": {
      "has_stone_types_tuff": "2024-07-13 00:22:03 +0000"
    },
    "done": true
  },
  "create:recipes/building_blocks/cut_andesite_slab_from_stone_types_andesite_stonecutting": {
    "criteria": {
      "has_stone_types_andesite": "2024-07-12 23:16:26 +0000"
    },
    "done": true
  },
  "create:recipes/building_blocks/small_andesite_brick_slab_from_stone_types_andesite_stonecutting": {
    "criteria": {
      "has_stone_types_andesite": "2024-07-12 23:16:26 +0000"
    },
    "done": true
  },
  "knightquest:recipes/misc/zombie_leggings": {
    "criteria": {
      "has_rotten_flesh": "2024-07-12 22:49:36 +0000"
    },
    "done": true
  },
  "tombstone:recipes/from_grave_key": {
    "criteria": {
      "has_ingredient": "2024-07-12 23:39:03 +0000"
    },
    "done": true
  },
  "ironchest:recipes/decorations/chests/diamond_obsidian_chest": {
    "criteria": {
      "has_obsidian": "2024-07-12 22:52:41 +0000"
    },
    "done": true
  },
  "minecraft:recipes/building_blocks/andesite_stairs": {
    "criteria": {
      "has_andesite": "2024-07-12 23:16:26 +0000"
    },
    "done": true
  },
  "minecraft:recipes/redstone/redstone_torch": {
    "criteria": {
      "has_redstone": "2024-07-12 22:57:47 +0000"
    },
    "done": true
  },
  "create:recipes/misc/crafting/logistics/pulse_extender": {
    "criteria": {
      "has_item": "2024-07-12 22:57:47 +0000"
    },
    "done": true
  },
  "create:recipes/building_blocks/polished_cut_tuff_slab_from_stone_types_tuff_stonecutting": {
    "criteria": {
      "has_stone_types_tuff": "2024-07-13 00:22:03 +0000"
    },
    "done": true
  },
  "create:copper": {
    "criteria": {
      "0": "2024-07-13 00:50:48 +0000"
    },
    "done": true
  },
  "create:recipes/misc/crafting/appliances/crafting_blueprint": {
    "criteria": {
      "has_item": "2024-07-12 23:04:33 +0000"
    },
    "done": true
  },
  "ironshulkerbox:recipes/decorations/shulkerboxes/purple/obsidian/diamond_obsidian_shulker_box": {
    "criteria": {
      "has_obsidian": "2024-07-12 22:52:41 +0000"
    },
    "done": true
  },
  "mekanism:infused_alloy": {
    "criteria": {
      "alloy_infused": "2024-07-13 00:54:32 +0000"
    },
    "done": true
  },
  "ironshulkerbox:recipes/decorations/shulkerboxes/black/obsidian/diamond_obsidian_shulker_box": {
    "criteria": {
      "has_obsidian": "2024-07-12 22:52:41 +0000"
    },
    "done": true
  },
  "ironshulkerbox:recipes/decorations/shulkerboxes/light_blue/obsidian/diamond_obsidian_shulker_box": {
    "criteria": {
      "has_obsidian": "2024-07-12 22:52:41 +0000"
    },
    "done": true
  },
  "minecraft:recipes/building_blocks/cobbled_deepslate_slab": {
    "criteria": {
      "has_cobbled_deepslate": "2024-07-12 23:00:49 +0000"
    },
    "done": true
  },
  "ironshulkerbox:recipes/decorations/shulkerboxes/lime/copper/vanilla_copper_shulker_box": {
    "criteria": {
      "has_copper": "2024-07-13 00:50:48 +0000"
    },
    "done": true
  },
  "create:recipes/misc/crafting/kinetics/steam_engine": {
    "criteria": {
      "has_item": "2024-07-13 00:50:48 +0000"
    },
    "done": true
  },
  "alexscaves:alexscaves/root": {
    "criteria": {
      "underground_cabin": "2024-07-13 00:23:04 +0000"
    },
    "done": true
  },
  "minecraft:recipes/redstone/lightning_rod": {
    "criteria": {
      "has_copper_ingot": "2024-07-13 00:50:48 +0000"
    },
    "done": true
  },
  "create:recipes/building_blocks/polished_cut_tuff_stairs_from_stone_types_tuff_stonecutting": {
    "criteria": {
      "has_stone_types_tuff": "2024-07-13 00:22:03 +0000"
    },
    "done": true
  },
  "create:recipes/misc/crafting/logistics/pulse_repeater": {
    "criteria": {
      "has_item": "2024-07-12 22:57:47 +0000"
    },
    "done": true
  },
  "minecraft:recipes/misc/red_dye_from_poppy": {
    "criteria": {
      "has_poppy": "2024-07-13 00:04:53 +0000"
    },
    "done": true
  },
  "create:recipes/misc/smelting/zinc_ingot_from_raw_ore": {
    "criteria": {
      "has_item": "2024-07-12 22:58:33 +0000"
    },
    "done": true
  },
  "ironchest:recipes/decorations/upgrades/wood_to_copper_chest_upgrade": {
    "criteria": {
      "has_copper_ingot": "2024-07-13 00:50:48 +0000"
    },
    "done": true
  },
  "create:recipes/building_blocks/cut_tuff_stairs_from_stone_types_tuff_stonecutting": {
    "criteria": {
      "has_stone_types_tuff": "2024-07-13 00:22:03 +0000"
    },
    "done": true
  },
  "create:recipes/building_blocks/tuff_from_stone_types_tuff_stonecutting": {
    "criteria": {
      "has_stone_types_tuff": "2024-07-13 00:22:03 +0000"
    },
    "done": true
  },
  "ironshulkerbox:recipes/decorations/shulkerboxes/white/copper/vanilla_copper_shulker_box": {
    "criteria": {
      "has_copper": "2024-07-13 00:50:48 +0000"
    },
    "done": true
  },
  "create:recipes/building_blocks/copper_tiles_from_ingots_copper_stonecutting": {
    "criteria": {
      "has_ingots_copper": "2024-07-13 00:50:48 +0000"
    },
    "done": true
  },
  "refinedstorage:better_than_a_barrel": {
    "criteria": {
      "storage_monitor_in_inventory": "2024-07-12 23:59:15 +0000"
    },
    "done": true
  },
  "minecraft:recipes/redstone/target": {
    "criteria": {
      "has_redstone": "2024-07-12 22:57:47 +0000"
    },
    "done": true
  },
  "create:recipes/misc/crafting/appliances/copper_diving_helmet": {
    "criteria": {
      "has_item": "2024-07-13 00:50:48 +0000"
    },
    "done": true
  },
  "knightquest:recipes/misc/zombie_helmet": {
    "criteria": {
      "has_rotten_flesh": "2024-07-12 22:49:36 +0000"
    },
    "done": true
  },
  "ironshulkerbox:recipes/decorations/shulkerboxes/light_gray/obsidian/diamond_obsidian_shulker_box": {
    "criteria": {
      "has_obsidian": "2024-07-12 22:52:41 +0000"
    },
    "done": true
  },
  "minecraft:recipes/building_blocks/polished_deepslate_stairs_from_cobbled_deepslate_stonecutting": {
    "criteria": {
      "has_cobbled_deepslate": "2024-07-12 23:00:49 +0000"
    },
    "done": true
  },
  "minecraft:recipes/tools/compass": {
    "criteria": {
      "has_redstone": "2024-07-12 22:57:47 +0000"
    },
    "done": true
  },
  "create:recipes/misc/crafting/kinetics/fluid_pipe_vertical": {
    "criteria": {
      "has_item": "2024-07-13 00:50:48 +0000"
    },
    "done": true
  },
  "ironshulkerbox:recipes/decorations/shulkerboxes/orange/copper/vanilla_copper_shulker_box": {
    "criteria": {
      "has_copper": "2024-07-13 00:50:48 +0000"
    },
    "done": true
  },
  "minecraft:recipes/food/pumpkin_pie": {
    "criteria": {
      "has_pumpkin": "2024-07-12 22:49:59 +0000"
    },
    "done": true
  },
  "create:recipes/building_blocks/small_tuff_brick_slab_from_stone_types_tuff_stonecutting": {
    "criteria": {
      "has_stone_types_tuff": "2024-07-13 00:22:03 +0000"
    },
    "done": true
  },
  "create:recipes/misc/crafting/kinetics/mechanical_pump": {
    "criteria": {
      "has_item": "2024-07-13 00:50:48 +0000"
    },
    "done": true
  },
  "minecraft:recipes/building_blocks/copper_block": {
    "criteria": {
      "has_copper_ingot": "2024-07-13 00:50:48 +0000"
    },
    "done": true
  },
  "minecraft:recipes/misc/flower_banner_pattern": {
    "criteria": {
      "has_oxeye_daisy": "2024-07-12 23:08:44 +0000"
    },
    "done": true
  },
  "create:recipes/building_blocks/small_andesite_brick_stairs_from_stone_types_andesite_stonecutting": {
    "criteria": {
      "has_stone_types_andesite": "2024-07-12 23:16:26 +0000"
    },
    "done": true
  },
  "minecraft:recipes/decorations/deepslate_brick_wall_from_cobbled_deepslate_stonecutting": {
    "criteria": {
      "has_cobbled_deepslate": "2024-07-12 23:00:49 +0000"
    },
    "done": true
  },
  "minecraft:recipes/misc/copper_ingot_from_blasting_raw_copper": {
    "criteria": {
      "has_raw_copper": "2024-07-13 00:17:56 +0000"
    },
    "done": true
  },
  "minecraft:recipes/building_blocks/polished_deepslate_from_cobbled_deepslate_stonecutting": {
    "criteria": {
      "has_cobbled_deepslate": "2024-07-12 23:00:49 +0000"
    },
    "done": true
  },
  "create:recipes/building_blocks/cut_andesite_bricks_from_stone_types_andesite_stonecutting": {
    "criteria": {
      "has_stone_types_andesite": "2024-07-12 23:16:26 +0000"
    },
    "done": true
  },
  "minecraft:recipes/building_blocks/oak_slab": {
    "criteria": {
      "has_planks": "2024-07-12 23:16:02 +0000"
    },
    "done": true
  },
  "minecraft:recipes/building_blocks/raw_copper_block": {
    "criteria": {
      "has_raw_copper": "2024-07-13 00:17:56 +0000"
    },
    "done": true
  },
  "create:recipes/building_blocks/small_andesite_bricks_from_stone_types_andesite_stonecutting": {
    "criteria": {
      "has_stone_types_andesite": "2024-07-12 23:16:26 +0000"
    },
    "done": true
  },
  "minecraft:recipes/tools/brush": {
    "criteria": {
      "has_copper_ingot": "2024-07-13 00:50:48 +0000"
    },
    "done": true
  },
  "ironshulkerbox:recipes/decorations/shulkerboxes/blue/obsidian/diamond_obsidian_shulker_box": {
    "criteria": {
      "has_obsidian": "2024-07-12 22:52:41 +0000"
    },
    "done": true
  },
  "create:recipes/building_blocks/polished_cut_tuff_wall_from_stone_types_tuff_stonecutting": {
    "criteria": {
      "has_stone_types_tuff": "2024-07-13 00:22:03 +0000"
    },
    "done": true
  },
  "create:recipes/misc/crafting/appliances/copper_diving_boots": {
    "criteria": {
      "has_item": "2024-07-13 00:50:48 +0000"
    },
    "done": true
  },
  "ironshulkerbox:recipes/decorations/shulkerboxes/default/copper/vanilla_copper_shulker_box": {
    "criteria": {
      "has_copper": "2024-07-13 00:50:48 +0000"
    },
    "done": true
  },
  "minecraft:recipes/building_blocks/cobbled_deepslate_slab_from_cobbled_deepslate_stonecutting": {
    "criteria": {
      "has_cobbled_deepslate": "2024-07-12 23:00:49 +0000"
    },
    "done": true
  },
  "knightquest:recipes/misc/deepslate_helmet": {
    "criteria": {
      "has_cobbled_deepslate": "2024-07-12 23:00:49 +0000"
    },
    "done": true
  },
  "minecraft:recipes/building_blocks/deepslate_tile_slab_from_cobbled_deepslate_stonecutting": {
    "criteria": {
      "has_cobbled_deepslate": "2024-07-12 23:00:49 +0000"
    },
    "done": true
  },
  "ironshulkerbox:recipes/decorations/shulkerboxes/magenta/copper/vanilla_copper_shulker_box": {
    "criteria": {
      "has_copper": "2024-07-13 00:50:48 +0000"
    },
    "done": true
  },
  "ironshulkerbox:recipes/decorations/shulkerboxes/purple/copper/vanilla_copper_shulker_box": {
    "criteria": {
      "has_copper": "2024-07-13 00:50:48 +0000"
    },
    "done": true
  },
  "tombstone:adventure/first_grave": {
    "criteria": {
      "coded_trigger": "2024-07-12 23:39:01 +0000"
    },
    "done": true
  },
  "minecraft:recipes/redstone/oak_fence_gate": {
    "criteria": {
      "has_planks": "2024-07-12 23:16:02 +0000"
    },
    "done": true
  },
  "minecraft:recipes/building_blocks/polished_andesite_from_andesite_stonecutting": {
    "criteria": {
      "has_andesite": "2024-07-12 23:16:26 +0000"
    },
    "done": true
  },
  "create:recipes/misc/crafting/kinetics/copper_valve_handle": {
    "criteria": {
      "has_item": "2024-07-13 00:50:48 +0000"
    },
    "done": true
  },
  "create:recipes/building_blocks/cut_tuff_brick_slab_from_stone_types_tuff_stonecutting": {
    "criteria": {
      "has_stone_types_tuff": "2024-07-13 00:22:03 +0000"
    },
    "done": true
  },
  "minecraft:story/form_obsidian": {
    "criteria": {
      "obsidian": "2024-07-12 22:52:41 +0000"
    },
    "done": true
  },
  "mekanism:metallurgic_infuser": {
    "criteria": {
      "metallurgic_infuser": "2024-07-13 00:52:44 +0000"
    },
    "done": true
  },
  "minecraft:recipes/redstone/oak_door": {
    "criteria": {
      "has_planks": "2024-07-12 23:16:02 +0000"
    },
    "done": true
  },
  "ironshulkerbox:recipes/decorations/shulkerboxes/black/copper/vanilla_copper_shulker_box": {
    "criteria": {
      "has_copper": "2024-07-13 00:50:48 +0000"
    },
    "done": true
  },
  "create:recipes/building_blocks/polished_cut_andesite_from_stone_types_andesite_stonecutting": {
    "criteria": {
      "has_stone_types_andesite": "2024-07-12 23:16:26 +0000"
    },
    "done": true
  },
  "knightquest:recipes/misc/zombie_boots": {
    "criteria": {
      "has_rotten_flesh": "2024-07-12 22:49:36 +0000"
    },
    "done": true
  },
  "create:recipes/building_blocks/cut_andesite_wall_from_stone_types_andesite_stonecutting": {
    "criteria": {
      "has_stone_types_andesite": "2024-07-12 23:16:26 +0000"
    },
    "done": true
  },
  "ironshulkerbox:recipes/decorations/shulkerboxes/default/obsidian/diamond_obsidian_shulker_box": {
    "criteria": {
      "has_obsidian": "2024-07-12 22:52:41 +0000"
    },
    "done": true
  },
  "minecraft:recipes/redstone/redstone_block": {
    "criteria": {
      "has_redstone": "2024-07-12 22:57:47 +0000"
    },
    "done": true
  },
  "mekanism:materials": {
    "criteria": {
      "material": "2024-07-12 22:57:41 +0000"
    },
    "done": true
  },
  "create:recipes/misc/crafting/kinetics/smart_fluid_pipe": {
    "criteria": {
      "has_item": "2024-07-13 00:50:48 +0000"
    },
    "done": true
  },
  "ironshulkerbox:recipes/decorations/shulkerboxes/yellow/obsidian/diamond_obsidian_shulker_box": {
    "criteria": {
      "has_obsidian": "2024-07-12 22:52:41 +0000"
    },
    "done": true
  },
  "minecraft:recipes/decorations/deepslate_tile_wall_from_cobbled_deepslate_stonecutting": {
    "criteria": {
      "has_cobbled_deepslate": "2024-07-12 23:00:49 +0000"
    },
    "done": true
  },
  "minecraft:recipes/misc/iron_ingot_from_blasting_raw_iron": {
    "criteria": {
      "has_raw_iron": "2024-07-12 22:56:03 +0000"
    },
    "done": true
  },
  "ironshulkerbox:recipes/decorations/shulkerboxes/gray/copper/vanilla_copper_shulker_box": {
    "criteria": {
      "has_copper": "2024-07-13 00:50:48 +0000"
    },
    "done": true
  },
  "create:recipes/building_blocks/small_andesite_brick_wall_from_stone_types_andesite_stonecutting": {
    "criteria": {
      "has_stone_types_andesite": "2024-07-12 23:16:26 +0000"
    },
    "done": true
  },
  "minecraft:recipes/building_blocks/oak_planks": {
    "criteria": {
      "has_logs": "2024-07-12 23:03:44 +0000"
    },
    "done": true
  },
  "minecraft:recipes/building_blocks/polished_andesite_stairs_from_andesite_stonecutting": {
    "criteria": {
      "has_andesite": "2024-07-12 23:16:26 +0000"
    },
    "done": true
  },
  "create:recipes/misc/crafting/kinetics/copper_valve_handle_from_others": {
    "criteria": {
      "has_item": "2024-07-13 00:50:48 +0000"
    },
    "done": true
  },
  "create:recipes/building_blocks/cut_andesite_brick_slab_from_stone_types_andesite_stonecutting": {
    "criteria": {
      "has_stone_types_andesite": "2024-07-12 23:16:26 +0000"
    },
    "done": true
  },
  "minecraft:recipes/misc/firework_rocket_simple": {
    "criteria": {
      "has_gunpowder": "2024-07-12 23:23:09 +0000"
    },
    "done": true
  },
  "refinedstorage:connecting": {
    "criteria": {
      "cable_in_inventory": "2024-07-12 23:57:35 +0000"
    },
    "done": true
  },
  "tombstone:adventure/strong_or_careful": {
    "criteria": {
      "coded_trigger": "2024-07-12 23:39:01 +0000"
    },
    "done": true
  },
  "ironshulkerbox:recipes/decorations/shulkerboxes/gray/obsidian/diamond_obsidian_shulker_box": {
    "criteria": {
      "has_obsidian": "2024-07-12 22:52:41 +0000"
    },
    "done": true
  },
  "create:recipes/decorations/copper_bars_from_ingots_copper_stonecutting": {
    "criteria": {
      "has_ingots_copper": "2024-07-13 00:50:48 +0000"
    },
    "done": true
  },
  "minecraft:recipes/building_blocks/oak_wood": {
    "criteria": {
      "has_log": "2024-07-12 23:03:44 +0000"
    },
    "done": true
  },
  "create:recipes/building_blocks/layered_andesite_from_stone_types_andesite_stonecutting": {
    "criteria": {
      "has_stone_types_andesite": "2024-07-12 23:16:26 +0000"
    },
    "done": true
  },
  "stellarity:recipes/crying_obsidian_with_popped_chorus": {
    "criteria": {
      "has_item1": "2024-07-12 22:52:41 +0000"
    },
    "done": true
  },
  "knightquest:recipes/misc/deepslate_boots": {
    "criteria": {
      "has_cobbled_deepslate": "2024-07-12 23:00:49 +0000"
    },
    "done": true
  },
  "minecraft:recipes/misc/pink_dye_from_pink_petals": {
    "criteria": {
      "has_pink_petals": "2024-07-13 00:07:54 +0000"
    },
    "done": true
  },
  "create:recipes/building_blocks/small_tuff_brick_stairs_from_stone_types_tuff_stonecutting": {
    "criteria": {
      "has_stone_types_tuff": "2024-07-13 00:22:03 +0000"
    },
    "done": true
  },
  "ironshulkerbox:recipes/decorations/shulkerboxes/red/copper/vanilla_copper_shulker_box": {
    "criteria": {
      "has_copper": "2024-07-13 00:50:48 +0000"
    },
    "done": true
  },
  "ironshulkerbox:recipes/decorations/shulkerboxes/pink/obsidian/diamond_obsidian_shulker_box": {
    "criteria": {
      "has_obsidian": "2024-07-12 22:52:41 +0000"
    },
    "done": true
  },
  "ironshulkerbox:recipes/decorations/shulkerboxes/light_gray/copper/vanilla_copper_shulker_box": {
    "criteria": {
      "has_copper": "2024-07-13 00:50:48 +0000"
    },
    "done": true
  },
  "create:recipes/building_blocks/small_tuff_bricks_from_stone_types_tuff_stonecutting": {
    "criteria": {
      "has_stone_types_tuff": "2024-07-13 00:22:03 +0000"
    },
    "done": true
  },
  "minecraft:recipes/redstone/oak_trapdoor": {
    "criteria": {
      "has_planks": "2024-07-12 23:16:02 +0000"
    },
    "done": true
  },
  "ironshulkerbox:recipes/decorations/shulkerboxes/green/copper/vanilla_copper_shulker_box": {
    "criteria": {
      "has_copper": "2024-07-13 00:50:48 +0000"
    },
    "done": true
  },
  "minecraft:recipes/building_blocks/deepslate_brick_stairs_from_cobbled_deepslate_stonecutting": {
    "criteria": {
      "has_cobbled_deepslate": "2024-07-12 23:00:49 +0000"
    },
    "done": true
  },
  "knightquest:recipes/misc/evoker_boots": {
    "criteria": {
      "has_totem_of_undying": "2024-07-12 23:41:28 +0000"
    },
    "done": true
  },
  "knightquest:recipes/misc/shield_chestplate": {
    "criteria": {
      "has_copper_ingot": "2024-07-13 00:50:48 +0000"
    },
    "done": true
  },
  "create:recipes/misc/blasting/zinc_ingot_from_raw_ore": {
    "criteria": {
      "has_item": "2024-07-12 22:58:33 +0000"
    },
    "done": true
  },
  "knightquest:recipes/misc/apple_helmet": {
    "criteria": {
      "has_golden_apple": "2024-07-12 22:52:39 +0000"
    },
    "done": true
  },
  "create:recipes/misc/crafting/materials/copper_nugget": {
    "criteria": {
      "has_item": "2024-07-13 00:50:48 +0000"
    },
    "done": true
  },
  "knightquest:recipes/misc/shield_leggings": {
    "criteria": {
      "has_copper_ingot": "2024-07-13 00:50:48 +0000"
    },
    "done": true
  },
  "minecraft:recipes/tools/clock": {
    "criteria": {
      "has_redstone": "2024-07-12 22:57:47 +0000"
    },
    "done": true
  },
  "knightquest:recipes/misc/zombie_helmet2": {
    "criteria": {
      "has_rotten_flesh": "2024-07-12 22:49:36 +0000"
    },
    "done": true
  },
  "ironshulkerbox:recipes/decorations/shulkerboxes/brown/copper/vanilla_copper_shulker_box": {
    "criteria": {
      "has_copper": "2024-07-13 00:50:48 +0000"
    },
    "done": true
  },
  "minecraft:recipes/decorations/andesite_wall_from_andesite_stonecutting": {
    "criteria": {
      "has_andesite": "2024-07-12 23:16:26 +0000"
    },
    "done": true
  },
  "refinedstorage:drives": {
    "criteria": {
      "disk_drive_in_inventory": "2024-07-13 00:02:14 +0000"
    },
    "done": true
  },
  "minecraft:recipes/building_blocks/chiseled_deepslate_from_cobbled_deepslate_stonecutting": {
    "criteria": {
      "has_cobbled_deepslate": "2024-07-12 23:00:49 +0000"
    },
    "done": true
  },
  "create:recipes/building_blocks/layered_tuff_from_stone_types_tuff_stonecutting": {
    "criteria": {
      "has_stone_types_tuff": "2024-07-13 00:22:03 +0000"
    },
    "done": true
  },
  "minecraft:recipes/misc/pumpkin_seeds": {
    "criteria": {
      "has_pumpkin": "2024-07-12 22:49:59 +0000"
    },
    "done": true
  },
  "ironshulkerbox:recipes/decorations/shulkerboxes/yellow/copper/vanilla_copper_shulker_box": {
    "criteria": {
      "has_copper": "2024-07-13 00:50:48 +0000"
    },
    "done": true
  },
  "ironshulkerbox:recipes/decorations/shulkerboxes/blue/copper/vanilla_copper_shulker_box": {
    "criteria": {
      "has_copper": "2024-07-13 00:50:48 +0000"
    },
    "done": true
  },
  "minecraft:recipes/decorations/cobbled_deepslate_wall_from_cobbled_deepslate_stonecutting": {
    "criteria": {
      "has_cobbled_deepslate": "2024-07-12 23:00:49 +0000"
    },
    "done": true
  },
  "create:recipes/building_blocks/andesite_from_stone_types_andesite_stonecutting": {
    "criteria": {
      "has_stone_types_andesite": "2024-07-12 23:16:26 +0000"
    },
    "done": true
  },
  "create:recipes/building_blocks/cut_andesite_from_stone_types_andesite_stonecutting": {
    "criteria": {
      "has_stone_types_andesite": "2024-07-12 23:16:26 +0000"
    },
    "done": true
  },
  "ancient_elements:crystal_pioneer": {
    "criteria": {
      "crystal_pioneer": "2024-07-12 22:56:36 +0000"
    },
    "done": true
  },
  "minecraft:recipes/building_blocks/oak_stairs": {
    "criteria": {
      "has_planks": "2024-07-12 23:16:02 +0000"
    },
    "done": true
  },
  "minecraft:recipes/building_blocks/polished_andesite_slab_from_andesite_stonecutting": {
    "criteria": {
      "has_andesite": "2024-07-12 23:16:26 +0000"
    },
    "done": true
  },
  "create:recipes/building_blocks/copper_shingles_from_ingots_copper_stonecutting": {
    "criteria": {
      "has_ingots_copper": "2024-07-13 00:50:48 +0000"
    },
    "done": true
  },
  "create:recipes/misc/crafting/kinetics/fluid_pipe": {
    "criteria": {
      "has_item": "2024-07-13 00:50:48 +0000"
    },
    "done": true
  },
  "minecraft:recipes/decorations/oak_fence": {
    "criteria": {
      "has_planks": "2024-07-12 23:16:02 +0000"
    },
    "done": true
  },
  "ironchest:recipes/decorations/chests/vanilla_copper_chest": {
    "criteria": {
      "has_copper_ingot": "2024-07-13 00:50:48 +0000"
    },
    "done": true
  },
  "create:recipes/building_blocks/cut_tuff_brick_stairs_from_stone_types_tuff_stonecutting": {
    "criteria": {
      "has_stone_types_tuff": "2024-07-13 00:22:03 +0000"
    },
    "done": true
  },
  "create:recipes/building_blocks/tuff_pillar_from_stone_types_tuff_stonecutting": {
    "criteria": {
      "has_stone_types_tuff": "2024-07-13 00:22:03 +0000"
    },
    "done": true
  },
  "minecraft:recipes/decorations/cobbled_deepslate_wall": {
    "criteria": {
      "has_cobbled_deepslate": "2024-07-12 23:00:49 +0000"
    },
    "done": true
  },
  "knightquest:recipes/misc/deepslate_chestplate": {
    "criteria": {
      "has_cobbled_deepslate": "2024-07-12 23:00:49 +0000"
    },
    "done": true
  },
  "minecraft:recipes/decorations/polished_deepslate_wall_from_cobbled_deepslate_stonecutting": {
    "criteria": {
      "has_cobbled_deepslate": "2024-07-12 23:00:49 +0000"
    },
    "done": true
  },
  "knightquest:recipes/misc/evoker_chestplate": {
    "criteria": {
      "has_totem_of_undying": "2024-07-12 23:41:28 +0000"
    },
    "done": true
  },
  "knightquest:recipes/misc/evoker_helmet": {
    "criteria": {
      "has_totem_of_undying": "2024-07-12 23:41:28 +0000"
    },
    "done": true
  },
  "create:recipes/misc/crafting/logistics/powered_latch": {
    "criteria": {
      "has_item": "2024-07-12 22:57:47 +0000"
    },
    "done": true
  },
  "ancient_elements:cosmic_discoverer": {
    "criteria": {
      "cosmic_discoverer": "2024-07-12 23:14:01 +0000"
    },
    "done": true
  },
  "ancient_elements:hammer_time": {
    "criteria": {
      "hammer_time": "2024-07-12 23:16:11 +0000"
    },
    "done": true
  },
  "alexscaves:alexscaves/cave_tablet": {
    "criteria": {
      "cave_tablet": "2024-07-13 00:23:45 +0000"
    },
    "done": true
  },
  "minecraft:recipes/redstone/note_block": {
    "criteria": {
      "has_redstone": "2024-07-12 22:57:47 +0000"
    },
    "done": true
  },
  "ironshulkerbox:recipes/decorations/shulkerboxes/orange/obsidian/diamond_obsidian_shulker_box": {
    "criteria": {
      "has_obsidian": "2024-07-12 22:52:41 +0000"
    },
    "done": true
  },
  "ironshulkerbox:recipes/decorations/shulkerboxes/green/obsidian/diamond_obsidian_shulker_box": {
    "criteria": {
      "has_obsidian": "2024-07-12 22:52:41 +0000"
    },
    "done": true
  },
  "minecraft:recipes/building_blocks/cobbled_deepslate_stairs_from_cobbled_deepslate_stonecutting": {
    "criteria": {
      "has_cobbled_deepslate": "2024-07-12 23:00:49 +0000"
    },
    "done": true
  },
  "minecraft:recipes/building_blocks/deepslate": {
    "criteria": {
      "has_cobbled_deepslate": "2024-07-12 23:00:49 +0000"
    },
    "done": true
  },
  "create:recipes/building_blocks/cut_tuff_brick_wall_from_stone_types_tuff_stonecutting": {
    "criteria": {
      "has_stone_types_tuff": "2024-07-13 00:22:03 +0000"
    },
    "done": true
  },
  "knightquest:recipes/misc/zombie_chestplate": {
    "criteria": {
      "has_rotten_flesh": "2024-07-12 22:49:36 +0000"
    },
    "done": true
  },
  "minecraft:recipes/misc/paper": {
    "criteria": {
      "has_reeds": "2024-07-12 22:51:02 +0000"
    },
    "done": true
  },
  "ironshulkerbox:recipes/decorations/upgrades/vanilla_to_copper_shulker_box_upgrade": {
    "criteria": {
      "has_copper_ingot": "2024-07-13 00:50:48 +0000"
    },
    "done": true
  },
  "minecraft:recipes/building_blocks/andesite_slab_from_andesite_stonecutting": {
    "criteria": {
      "has_andesite": "2024-07-12 23:16:26 +0000"
    },
    "done": true
  },
  "minecraft:recipes/redstone/oak_button": {
    "criteria": {
      "has_planks": "2024-07-12 23:16:02 +0000"
    },
    "done": true
  },
  "knightquest:recipes/misc/apple_leggings": {
    "criteria": {
      "has_golden_apple": "2024-07-12 22:52:39 +0000"
    },
    "done": true
  },
  "create:recipes/misc/crafting/kinetics/fluid_valve": {
    "criteria": {
      "has_item": "2024-07-13 00:50:48 +0000"
    },
    "done": true
  },
  "minecraft:recipes/decorations/torch": {
    "criteria": {
      "has_the_recipe": "2024-07-12 23:44:48 +0000"
    },
    "done": true
  },
  "create:recipes/building_blocks/polished_cut_andesite_slab_from_stone_types_andesite_stonecutting": {
    "criteria": {
      "has_stone_types_andesite": "2024-07-12 23:16:26 +0000"
    },
    "done": true
  },
  "create:recipes/decorations/copper_ladder_from_ingots_copper_stonecutting": {
    "criteria": {
      "has_ingots_copper": "2024-07-13 00:50:48 +0000"
    },
    "done": true
  },
  "minecraft:recipes/building_blocks/andesite_stairs_from_andesite_stonecutting": {
    "criteria": {
      "has_andesite": "2024-07-12 23:16:26 +0000"
    },
    "done": true
  },
  "create:recipes/building_blocks/cut_andesite_brick_wall_from_stone_types_andesite_stonecutting": {
    "criteria": {
      "has_stone_types_andesite": "2024-07-12 23:16:26 +0000"
    },
    "done": true
  },
  "knightquest:recipes/misc/shield_helmet": {
    "criteria": {
      "has_copper_ingot": "2024-07-13 00:50:48 +0000"
    },
    "done": true
  },
  "minecraft:recipes/misc/light_gray_dye_from_azure_bluet": {
    "criteria": {
      "has_azure_bluet": "2024-07-13 00:05:09 +0000"
    },
    "done": true
  },
  "minecraft:recipes/building_blocks/polished_deepslate_slab_from_cobbled_deepslate_stonecutting": {
    "criteria": {
      "has_cobbled_deepslate": "2024-07-12 23:00:49 +0000"
    },
    "done": true
  },
  "knightquest:knightquest": {
    "criteria": {
      "requirement": "2024-07-12 23:03:28 +0000"
    },
    "done": true
  },
  "minecraft:recipes/misc/iron_ingot_from_smelting_raw_iron": {
    "criteria": {
      "has_raw_iron": "2024-07-12 22:56:03 +0000"
    },
    "done": true
  },
  "minecraft:recipes/building_blocks/deepslate_brick_slab_from_cobbled_deepslate_stonecutting": {
    "criteria": {
      "has_cobbled_deepslate": "2024-07-12 23:00:49 +0000"
    },
    "done": true
  },
  "tombstone:adventure/ambush": {
    "criteria": {
      "coded_trigger": "2024-07-12 23:10:03 +0000"
    },
    "done": true
  },
  "create:recipes/decorations/copper_scaffolding_from_ingots_copper_stonecutting": {
    "criteria": {
      "has_ingots_copper": "2024-07-13 00:50:48 +0000"
    },
    "done": true
  },
  "minecraft:recipes/tools/flint_and_steel": {
    "criteria": {
      "has_obsidian": "2024-07-12 22:52:41 +0000"
    },
    "done": true
  },
  "create:recipes/building_blocks/andesite_pillar_from_stone_types_andesite_stonecutting": {
    "criteria": {
      "has_stone_types_andesite": "2024-07-12 23:16:26 +0000"
    },
    "done": true
  },
  "minecraft:recipes/misc/sugar_from_sugar_cane": {
    "criteria": {
      "has_sugar_cane": "2024-07-12 22:51:02 +0000"
    },
    "done": true
  },
  "ironshulkerbox:recipes/decorations/shulkerboxes/red/obsidian/diamond_obsidian_shulker_box": {
    "criteria": {
      "has_obsidian": "2024-07-12 22:52:41 +0000"
    },
    "done": true
  },
  "minecraft:recipes/building_blocks/cobbled_deepslate_stairs": {
    "criteria": {
      "has_cobbled_deepslate": "2024-07-12 23:00:49 +0000"
    },
    "done": true
  },
  "knightquest:recipes/misc/evoker_leggings": {
    "criteria": {
      "has_totem_of_undying": "2024-07-12 23:41:28 +0000"
    },
    "done": true
  },
  "create:recipes/building_blocks/cut_andesite_stairs_from_stone_types_andesite_stonecutting": {
    "criteria": {
      "has_stone_types_andesite": "2024-07-12 23:16:26 +0000"
    },
    "done": true
  },
  "ironshulkerbox:recipes/decorations/shulkerboxes/light_blue/copper/vanilla_copper_shulker_box": {
    "criteria": {
      "has_copper": "2024-07-13 00:50:48 +0000"
    },
    "done": true
  },
  "ironshulkerbox:recipes/decorations/shulkerboxes/pink/copper/vanilla_copper_shulker_box": {
    "criteria": {
      "has_copper": "2024-07-13 00:50:48 +0000"
    },
    "done": true
  },
  "create:recipes/misc/crafting/logistics/powered_toggle_latch": {
    "criteria": {
      "has_item": "2024-07-12 22:57:47 +0000"
    },
    "done": true
  },
  "create:recipes/building_blocks/polished_cut_andesite_wall_from_stone_types_andesite_stonecutting": {
    "criteria": {
      "has_stone_types_andesite": "2024-07-12 23:16:26 +0000"
    },
    "done": true
  },
  "minecraft:recipes/redstone/oak_pressure_plate": {
    "criteria": {
      "has_planks": "2024-07-12 23:16:02 +0000"
    },
    "done": true
  },
  "ironshulkerbox:recipes/decorations/shulkerboxes/lime/obsidian/diamond_obsidian_shulker_box": {
    "criteria": {
      "has_obsidian": "2024-07-12 22:52:41 +0000"
    },
    "done": true
  },
  "minecraft:recipes/redstone/dropper": {
    "criteria": {
      "has_redstone": "2024-07-12 22:57:47 +0000"
    },
    "done": true
  },
  "create:recipes/building_blocks/cut_andesite_brick_stairs_from_stone_types_andesite_stonecutting": {
    "criteria": {
      "has_stone_types_andesite": "2024-07-12 23:16:26 +0000"
    },
    "done": true
  },
  "minecraft:recipes/building_blocks/polished_andesite": {
    "criteria": {
      "has_andesite": "2024-07-12 23:16:26 +0000"
    },
    "done": true
  },
  "create:recipes/building_blocks/cut_tuff_slab_from_stone_types_tuff_stonecutting": {
    "criteria": {
      "has_stone_types_tuff": "2024-07-13 00:22:03 +0000"
    },
    "done": true
  },
  "ironshulkerbox:recipes/decorations/shulkerboxes/magenta/obsidian/diamond_obsidian_shulker_box": {
    "criteria": {
      "has_obsidian": "2024-07-12 22:52:41 +0000"
    },
    "done": true
  },
  "create:recipes/misc/crafting/kinetics/hose_pulley": {
    "criteria": {
      "has_item": "2024-07-13 00:50:48 +0000"
    },
    "done": true
  },
  "knightquest:recipes/misc/apple_boots": {
    "criteria": {
      "has_golden_apple": "2024-07-12 22:52:39 +0000"
    },
    "done": true
  },
  "create:recipes/building_blocks/small_tuff_brick_wall_from_stone_types_tuff_stonecutting": {
    "criteria": {
      "has_stone_types_tuff": "2024-07-13 00:22:03 +0000"
    },
    "done": true
  },
  "knightquest:recipes/misc/apple_chestplate": {
    "criteria": {
      "has_golden_apple": "2024-07-12 22:52:39 +0000"
    },
    "done": true
  },
  "mekanismgenerators:heat_generator": {
    "criteria": {
      "heat_generator": "2024-07-13 00:51:44 +0000"
    },
    "done": true
  },
  "create:recipes/building_blocks/oak_window": {
    "criteria": {
      "has_ingredient": "2024-07-12 23:16:02 +0000"
    },
    "done": true
  },
  "minecraft:recipes/building_blocks/deepslate_bricks_from_cobbled_deepslate_stonecutting": {
    "criteria": {
      "has_cobbled_deepslate": "2024-07-12 23:00:49 +0000"
    },
    "done": true
  },
  "minecraft:recipes/misc/raw_iron": {
    "criteria": {
      "has_raw_iron_block": "2024-07-13 00:26:40 +0000"
    },
    "done": true
  },
  "minecraft:recipes/decorations/andesite_wall": {
    "criteria": {
      "has_andesite": "2024-07-12 23:16:26 +0000"
    },
    "done": true
  },
  "minecraft:recipes/building_blocks/andesite_slab": {
    "criteria": {
      "has_andesite": "2024-07-12 23:16:26 +0000"
    },
    "done": true
  },
  "minecraft:recipes/misc/light_gray_dye_from_oxeye_daisy": {
    "criteria": {
      "has_oxeye_daisy": "2024-07-12 23:08:44 +0000"
    },
    "done": true
  },
  "minecraft:recipes/building_blocks/deepslate_tiles_from_cobbled_deepslate_stonecutting": {
    "criteria": {
      "has_cobbled_deepslate": "2024-07-12 23:00:49 +0000"
    },
    "done": true
  },
  "minecraft:recipes/redstone/tnt": {
    "criteria": {
      "has_gunpowder": "2024-07-12 23:23:09 +0000"
    },
    "done": true
  },
  "create:recipes/building_blocks/cut_tuff_bricks_from_stone_types_tuff_stonecutting": {
    "criteria": {
      "has_stone_types_tuff": "2024-07-13 00:22:03 +0000"
    },
    "done": true
  },
  "ironshulkerbox:recipes/decorations/shulkerboxes/brown/obsidian/diamond_obsidian_shulker_box": {
    "criteria": {
      "has_obsidian": "2024-07-12 22:52:41 +0000"
    },
    "done": true
  },
  "minecraft:recipes/decorations/enchanting_table": {
    "criteria": {
      "has_obsidian": "2024-07-12 22:52:41 +0000"
    },
    "done": true
  },
  "create:recipes/misc/crafting/materials/rose_quartz": {
    "criteria": {
      "has_item": "2024-07-12 22:57:47 +0000"
    },
    "done": true
  },
  "create:recipes/misc/crafting/materials/raw_zinc_block": {
    "criteria": {
      "has_item": "2024-07-12 22:58:33 +0000"
    },
    "done": true
  },
  "knightquest:recipes/misc/shield_boots": {
    "criteria": {
      "has_copper_ingot": "2024-07-13 00:50:48 +0000"
    },
    "done": true
  },
  "knightquest:recipes/misc/steel_axe": {
    "criteria": {
      "has_iron_axe": "2024-07-12 23:55:48 +0000"
    },
    "done": true
  },
  "ironshulkerbox:recipes/decorations/shulkerboxes/cyan/copper/vanilla_copper_shulker_box": {
    "criteria": {
      "has_copper": "2024-07-13 00:50:48 +0000"
    },
    "done": true
  },
  "minecraft:story/root": {
    "criteria": {
      "crafting_table": "2024-07-12 23:04:33 +0000"
    },
    "done": true
  },
  "ironshulkerbox:recipes/decorations/shulkerboxes/cyan/obsidian/diamond_obsidian_shulker_box": {
    "criteria": {
      "has_obsidian": "2024-07-12 22:52:41 +0000"
    },
    "done": true
  },
  "minecraft:recipes/misc/copper_ingot_from_smelting_raw_copper": {
    "criteria": {
      "has_raw_copper": "2024-07-13 00:17:56 +0000"
    },
    "done": true
  },
  "create:recipes/building_blocks/cut_tuff_wall_from_stone_types_tuff_stonecutting": {
    "criteria": {
      "has_stone_types_tuff": "2024-07-13 00:22:03 +0000"
    },
    "done": true
  },
  "knightquest:recipes/misc/deepslate_leggings": {
    "criteria": {
      "has_cobbled_deepslate": "2024-07-12 23:00:49 +0000"
    },
    "done": true
  },
  "minecraft:recipes/redstone/piston": {
    "criteria": {
      "has_redstone": "2024-07-12 22:57:47 +0000"
    },
    "done": true
  },
  "DataVersion": 3465
}