{
  "ancient_elements:ancient_elements": {
    "criteria": {
      "ancient_elements": "2024-07-12 22:16:10 +0000"
    },
    "done": true
  },
  "create:root": {
    "criteria": {
      "0": "2024-07-12 22:16:10 +0000"
    },
    "done": true
  },
  "stellarity:cursed_tome/root": {
    "criteria": {
      "requirement": "2024-07-12 22:16:10 +0000"
    },
    "done": true
  },
  "minecraft:recipes/decorations/crafting_table": {
    "criteria": {
      "unlock_right_away": "2024-07-12 22:16:10 +0000"
    },
    "done": true
  },
  "mekanism:root": {
    "criteria": {
      "automatic": "2024-07-12 22:16:10 +0000"
    },
    "done": true
  },
  "mowziesmobs:root": {
    "criteria": {
      "custom_test_name": "2024-07-12 22:16:10 +0000"
    },
    "done": true
  },
  "irons_spellbooks:grant_patchouli": {
    "criteria": {
      "tick": "2024-07-12 22:16:10 +0000"
    },
    "done": true
  },
  "stellarity:dragons_den/cursed_tome/root": {
    "criteria": {
      "requirement": "2024-07-12 22:16:10 +0000"
    },
    "done": true
  },
  "realmrpg_quests:root": {
    "criteria": {
      "root_0": "2024-07-12 22:16:10 +0000"
    },
    "done": true
  },
  "slashblade:movesets": {
    "criteria": {
      "crafting": "2024-07-12 22:16:10 +0000"
    },
    "done": true
  },
  "cataclysm:root": {
    "criteria": {
      "custom_test_name": "2024-07-12 22:16:10 +0000"
    },
    "done": true
  },
  "ironfurnaces:coal": {
    "criteria": {
      "rainbowcoal": "2024-07-12 22:16:10 +0000"
    },
    "done": true
  },
  "tombstone:adventure/root": {
    "criteria": {
      "auto": "2024-07-12 22:16:11 +0000"
    },
    "done": true
  },
  "minecraft:adventure/adventuring_time": {
    "criteria": {
      "minecraft:frozen_river": "2024-07-12 22:28:52 +0000",
      "minecraft:snowy_plains": "2024-07-12 22:16:11 +0000",
      "minecraft:stony_shore": "2024-07-12 22:50:48 +0000",
      "minecraft:snowy_taiga": "2024-07-12 22:50:34 +0000"
    },
    "done": false
  },
  "create:recipes/building_blocks/dark_oak_window": {
    "criteria": {
      "has_ingredient": "2024-07-12 22:16:36 +0000"
    },
    "done": true
  },
  "minecraft:recipes/misc/stick": {
    "criteria": {
      "has_planks": "2024-07-12 22:16:36 +0000"
    },
    "done": true
  },
  "minecraft:recipes/building_blocks/dark_oak_stairs": {
    "criteria": {
      "has_planks": "2024-07-12 22:16:36 +0000"
    },
    "done": true
  },
  "minecraft:recipes/redstone/dark_oak_door": {
    "criteria": {
      "has_planks": "2024-07-12 22:16:36 +0000"
    },
    "done": true
  },
  "minecraft:recipes/decorations/barrel": {
    "criteria": {
      "has_planks": "2024-07-12 22:16:36 +0000"
    },
    "done": true
  },
  "minecraft:recipes/decorations/dark_oak_sign": {
    "criteria": {
      "has_planks": "2024-07-12 22:16:36 +0000"
    },
    "done": true
  },
  "minecraft:recipes/redstone/dark_oak_fence_gate": {
    "criteria": {
      "has_planks": "2024-07-12 22:16:36 +0000"
    },
    "done": true
  },
  "minecraft:recipes/redstone/dark_oak_trapdoor": {
    "criteria": {
      "has_planks": "2024-07-12 22:16:36 +0000"
    },
    "done": true
  },
  "minecraft:recipes/redstone/dark_oak_button": {
    "criteria": {
      "has_planks": "2024-07-12 22:16:36 +0000"
    },
    "done": true
  },
  "minecraft:recipes/redstone/dark_oak_pressure_plate": {
    "criteria": {
      "has_planks": "2024-07-12 22:16:36 +0000"
    },
    "done": true
  },
  "minecraft:recipes/decorations/dark_oak_fence": {
    "criteria": {
      "has_planks": "2024-07-12 22:16:36 +0000"
    },
    "done": true
  },
  "minecraft:recipes/building_blocks/dark_oak_slab": {
    "criteria": {
      "has_planks": "2024-07-12 22:16:36 +0000"
    },
    "done": true
  },
  "knightquest:recipes/misc/wither_helmet": {
    "criteria": {
      "has_wither_skeleton_skull": "2024-07-12 22:16:50 +0000"
    },
    "done": true
  },
  "knightquest:recipes/misc/wither_boots": {
    "criteria": {
      "has_wither_skeleton_skull": "2024-07-12 22:16:50 +0000"
    },
    "done": true
  },
  "knightquest:recipes/misc/wither_leggings": {
    "criteria": {
      "has_wither_skeleton_skull": "2024-07-12 22:16:50 +0000"
    },
    "done": true
  },
  "knightquest:recipes/misc/wither_chestplate": {
    "criteria": {
      "has_wither_skeleton_skull": "2024-07-12 22:16:50 +0000"
    },
    "done": true
  },
  "minecraft:nether/get_wither_skull": {
    "criteria": {
      "wither_skull": "2024-07-12 22:16:50 +0000"
    },
    "done": true
  },
  "minecraft:recipes/misc/skull_banner_pattern": {
    "criteria": {
      "has_wither_skeleton_skull": "2024-07-12 22:16:50 +0000"
    },
    "done": true
  },
  "minecraft:recipes/decorations/ladder": {
    "criteria": {
      "has_stick": "2024-07-12 22:18:34 +0000"
    },
    "done": true
  },
  "minecraft:recipes/tools/wooden_axe": {
    "criteria": {
      "has_stick": "2024-07-12 22:18:34 +0000"
    },
    "done": true
  },
  "naturescompass:natures_compass": {
    "criteria": {
      "has_recipe": "2024-07-12 22:18:34 +0000"
    },
    "done": true
  },
  "minecraft:recipes/decorations/campfire": {
    "criteria": {
      "has_stick": "2024-07-12 22:18:34 +0000"
    },
    "done": true
  },
  "minecraft:recipes/tools/wooden_hoe": {
    "criteria": {
      "has_stick": "2024-07-12 22:18:34 +0000"
    },
    "done": true
  },
  "minecraft:recipes/misc/charcoal": {
    "criteria": {
      "has_log": "2024-07-12 22:18:34 +0000"
    },
    "done": true
  },
  "naturescompass:natures_compass_log": {
    "criteria": {
      "has_log": "2024-07-12 22:18:34 +0000"
    },
    "done": true
  },
  "minecraft:recipes/tools/wooden_shovel": {
    "criteria": {
      "has_stick": "2024-07-12 22:18:34 +0000"
    },
    "done": true
  },
  "naturescompass:natures_compass_sapling": {
    "criteria": {
      "has_recipe": "2024-07-12 22:18:34 +0000"
    },
    "done": true
  },
  "minecraft:recipes/combat/wooden_sword": {
    "criteria": {
      "has_stick": "2024-07-12 22:18:34 +0000"
    },
    "done": true
  },
  "minecraft:recipes/building_blocks/spruce_wood": {
    "criteria": {
      "has_log": "2024-07-12 22:18:34 +0000"
    },
    "done": true
  },
  "minecraft:recipes/building_blocks/spruce_planks": {
    "criteria": {
      "has_logs": "2024-07-12 22:18:34 +0000"
    },
    "done": true
  },
  "minecraft:recipes/tools/wooden_pickaxe": {
    "criteria": {
      "has_stick": "2024-07-12 22:18:34 +0000"
    },
    "done": true
  },
  "minecraft:recipes/decorations/spruce_fence": {
    "criteria": {
      "has_planks": "2024-07-12 22:18:40 +0000"
    },
    "done": true
  },
  "create:recipes/building_blocks/spruce_window": {
    "criteria": {
      "has_ingredient": "2024-07-12 22:18:40 +0000"
    },
    "done": true
  },
  "minecraft:recipes/redstone/spruce_button": {
    "criteria": {
      "has_planks": "2024-07-12 22:18:40 +0000"
    },
    "done": true
  },
  "minecraft:recipes/redstone/spruce_pressure_plate": {
    "criteria": {
      "has_planks": "2024-07-12 22:18:40 +0000"
    },
    "done": true
  },
  "minecraft:recipes/decorations/spruce_sign": {
    "criteria": {
      "has_planks": "2024-07-12 22:18:40 +0000"
    },
    "done": true
  },
  "minecraft:recipes/building_blocks/spruce_slab": {
    "criteria": {
      "has_planks": "2024-07-12 22:18:40 +0000"
    },
    "done": true
  },
  "minecraft:recipes/redstone/spruce_trapdoor": {
    "criteria": {
      "has_planks": "2024-07-12 22:18:40 +0000"
    },
    "done": true
  },
  "minecraft:recipes/redstone/spruce_door": {
    "criteria": {
      "has_planks": "2024-07-12 22:18:40 +0000"
    },
    "done": true
  },
  "minecraft:recipes/redstone/spruce_fence_gate": {
    "criteria": {
      "has_planks": "2024-07-12 22:18:40 +0000"
    },
    "done": true
  },
  "minecraft:recipes/building_blocks/spruce_stairs": {
    "criteria": {
      "has_planks": "2024-07-12 22:18:40 +0000"
    },
    "done": true
  },
  "create:recipes/misc/crafting/appliances/crafting_blueprint": {
    "criteria": {
      "has_item": "2024-07-12 22:18:45 +0000"
    },
    "done": true
  },
  "minecraft:story/root": {
    "criteria": {
      "crafting_table": "2024-07-12 22:18:45 +0000"
    },
    "done": true
  },
  "minecraft:recipes/decorations/chest": {
    "criteria": {
      "has_lots_of_items": "2024-07-12 22:19:17 +0000"
    },
    "done": true
  },
  "ironchest:recipes/decorations/chests/vanilla_dirt_chest": {
    "criteria": {
      "has_iron_ingot": "2024-07-12 22:19:17 +0000"
    },
    "done": true
  },
  "minecraft:story/mine_stone": {
    "criteria": {
      "get_stone": "2024-07-12 22:19:23 +0000"
    },
    "done": true
  },
  "minecraft:recipes/decorations/furnace": {
    "criteria": {
      "has_cobblestone": "2024-07-12 22:19:23 +0000"
    },
    "done": true
  },
  "minecraft:recipes/building_blocks/cobblestone_slab_from_cobblestone_stonecutting": {
    "criteria": {
      "has_cobblestone": "2024-07-12 22:19:23 +0000"
    },
    "done": true
  },
  "minecraft:recipes/building_blocks/stone": {
    "criteria": {
      "has_cobblestone": "2024-07-12 22:19:23 +0000"
    },
    "done": true
  },
  "minecraft:recipes/tools/stone_pickaxe": {
    "criteria": {
      "has_cobblestone": "2024-07-12 22:19:23 +0000"
    },
    "done": true
  },
  "minecraft:recipes/building_blocks/cobblestone_slab": {
    "criteria": {
      "has_cobblestone": "2024-07-12 22:19:23 +0000"
    },
    "done": true
  },
  "minecraft:recipes/decorations/cobblestone_wall_from_cobblestone_stonecutting": {
    "criteria": {
      "has_cobblestone": "2024-07-12 22:19:23 +0000"
    },
    "done": true
  },
  "minecraft:recipes/building_blocks/cobblestone_stairs": {
    "criteria": {
      "has_cobblestone": "2024-07-12 22:19:23 +0000"
    },
    "done": true
  },
  "minecraft:recipes/tools/stone_shovel": {
    "criteria": {
      "has_cobblestone": "2024-07-12 22:19:23 +0000"
    },
    "done": true
  },
  "minecraft:recipes/redstone/lever": {
    "criteria": {
      "has_cobblestone": "2024-07-12 22:19:23 +0000"
    },
    "done": true
  },
  "minecraft:recipes/combat/stone_sword": {
    "criteria": {
      "has_cobblestone": "2024-07-12 22:19:23 +0000"
    },
    "done": true
  },
  "minecraft:recipes/decorations/cobblestone_wall": {
    "criteria": {
      "has_cobblestone": "2024-07-12 22:19:23 +0000"
    },
    "done": true
  },
  "minecraft:recipes/tools/stone_axe": {
    "criteria": {
      "has_cobblestone": "2024-07-12 22:19:23 +0000"
    },
    "done": true
  },
  "minecraft:recipes/building_blocks/cobblestone_stairs_from_cobblestone_stonecutting": {
    "criteria": {
      "has_cobblestone": "2024-07-12 22:19:23 +0000"
    },
    "done": true
  },
  "minecraft:recipes/tools/stone_hoe": {
    "criteria": {
      "has_cobblestone": "2024-07-12 22:19:23 +0000"
    },
    "done": true
  },
  "minecraft:recipes/decorations/torch": {
    "criteria": {
      "has_stone_pickaxe": "2024-07-12 22:19:32 +0000"
    },
    "done": true
  },
  "minecraft:story/upgrade_tools": {
    "criteria": {
      "stone_pickaxe": "2024-07-12 22:19:32 +0000"
    },
    "done": true
  },
  "minecraft:recipes/food/cooked_beef": {
    "criteria": {
      "has_the_recipe": "2024-07-12 22:22:06 +0000"
    },
    "done": true
  },
  "slashblade:material/proudsoul": {
    "criteria": {
      "BrokenBlade": "2024-07-12 22:22:09 +0000"
    },
    "done": true
  },
  "minecraft:husbandry/root": {
    "criteria": {
      "consumed_item": "2024-07-12 22:22:09 +0000"
    },
    "done": true
  },
  "minecraft:husbandry/balanced_diet": {
    "criteria": {
      "sweet_berries": "2024-07-12 22:38:06 +0000",
      "cooked_beef": "2024-07-12 22:22:09 +0000",
      "bread": "2024-07-12 22:30:05 +0000"
    },
    "done": false
  },
  "slashblade:material/proudsoul_tiny": {
    "criteria": {
      "BrokenBlade": "2024-07-12 22:23:15 +0000"
    },
    "done": true
  },
  "slashblade:root": {
    "criteria": {
      "attackTheEntity": "2024-07-12 22:23:15 +0000"
    },
    "done": true
  },
  "minecraft:recipes/food/cooked_beef_from_smoking": {
    "criteria": {
      "has_beef": "2024-07-12 22:23:49 +0000"
    },
    "done": true
  },
  "minecraft:recipes/food/cooked_beef_from_campfire_cooking": {
    "criteria": {
      "has_beef": "2024-07-12 22:23:49 +0000"
    },
    "done": true
  },
  "minecraft:adventure/root": {
    "criteria": {
      "killed_something": "2024-07-12 22:24:31 +0000"
    },
    "done": true
  },
  "knightquest:knightquest": {
    "criteria": {
      "requirement": "2024-07-12 22:25:24 +0000"
    },
    "done": true
  },
  "knightquest:recipes/misc/skeleton_chestplate": {
    "criteria": {
      "has_bone": "2024-07-12 22:25:26 +0000"
    },
    "done": true
  },
  "knightquest:recipes/misc/pirate_helmet": {
    "criteria": {
      "has_bone": "2024-07-12 22:25:26 +0000"
    },
    "done": true
  },
  "knightquest:recipes/misc/skeleton_helmet": {
    "criteria": {
      "has_bone": "2024-07-12 22:25:26 +0000"
    },
    "done": true
  },
  "knightquest:recipes/misc/pirate_chestplate": {
    "criteria": {
      "has_bone": "2024-07-12 22:25:26 +0000"
    },
    "done": true
  },
  "knightquest:recipes/misc/skeleton_leggings": {
    "criteria": {
      "has_bone": "2024-07-12 22:25:26 +0000"
    },
    "done": true
  },
  "knightquest:recipes/misc/pirate_leggings": {
    "criteria": {
      "has_bone": "2024-07-12 22:25:26 +0000"
    },
    "done": true
  },
  "knightquest:recipes/misc/pirate_boots": {
    "criteria": {
      "has_bone": "2024-07-12 22:25:26 +0000"
    },
    "done": true
  },
  "minecraft:recipes/misc/bone_meal": {
    "criteria": {
      "has_bone": "2024-07-12 22:25:26 +0000"
    },
    "done": true
  },
  "knightquest:recipes/misc/skeleton_boots": {
    "criteria": {
      "has_bone": "2024-07-12 22:25:26 +0000"
    },
    "done": true
  },
  "knightquest:recipes/misc/bow_chestplate": {
    "criteria": {
      "has_arrow": "2024-07-12 22:25:27 +0000"
    },
    "done": true
  },
  "minecraft:adventure/kill_all_mobs": {
    "criteria": {
      "minecraft:skeleton": "2024-07-12 22:27:36 +0000",
      "minecraft:creeper": "2024-07-12 22:42:50 +0000",
      "minecraft:zombie": "2024-07-12 22:25:27 +0000"
    },
    "done": false
  },
  "knightquest:recipes/misc/bow_helmet": {
    "criteria": {
      "has_arrow": "2024-07-12 22:25:27 +0000"
    },
    "done": true
  },
  "knightquest:recipes/misc/bow_leggings": {
    "criteria": {
      "has_arrow": "2024-07-12 22:25:27 +0000"
    },
    "done": true
  },
  "knightquest:recipes/misc/bow_boots": {
    "criteria": {
      "has_arrow": "2024-07-12 22:25:27 +0000"
    },
    "done": true
  },
  "minecraft:adventure/kill_a_mob": {
    "criteria": {
      "minecraft:zombie": "2024-07-12 22:25:27 +0000"
    },
    "done": true
  },
  "minecraft:recipes/decorations/composter": {
    "criteria": {
      "has_wood_slab": "2024-07-12 22:26:23 +0000"
    },
    "done": true
  },
  "minecraft:recipes/decorations/smoker": {
    "criteria": {
      "has_furnace": "2024-07-12 22:26:23 +0000"
    },
    "done": true
  },
  "minecraft:recipes/misc/iron_nugget_from_smelting": {
    "criteria": {
      "has_iron_pickaxe": "2024-07-12 22:26:44 +0000"
    },
    "done": true
  },
  "minecraft:story/iron_tools": {
    "criteria": {
      "iron_pickaxe": "2024-07-12 22:26:44 +0000"
    },
    "done": true
  },
  "minecraft:recipes/misc/iron_nugget_from_blasting": {
    "criteria": {
      "has_iron_pickaxe": "2024-07-12 22:26:44 +0000"
    },
    "done": true
  },
  "knightquest:recipes/misc/steel_sword": {
    "criteria": {
      "has_iron_sword": "2024-07-12 22:27:17 +0000"
    },
    "done": true
  },
  "tombstone:adventure/find_grave_dust": {
    "criteria": {
      "from_undead": "2024-07-12 22:28:41 +0000"
    },
    "done": true
  },
  "tombstone:recipes/from_grave_dust": {
    "criteria": {
      "has_ingredient": "2024-07-12 22:28:41 +0000"
    },
    "done": true
  },
  "minecraft:recipes/transportation/spruce_chest_boat": {
    "criteria": {
      "has_boat": "2024-07-12 22:28:47 +0000"
    },
    "done": true
  },
  "minecraft:recipes/transportation/jungle_chest_boat": {
    "criteria": {
      "has_boat": "2024-07-12 22:28:47 +0000"
    },
    "done": true
  },
  "minecraft:recipes/transportation/mangrove_chest_boat": {
    "criteria": {
      "has_boat": "2024-07-12 22:28:47 +0000"
    },
    "done": true
  },
  "minecraft:recipes/transportation/oak_chest_boat": {
    "criteria": {
      "has_boat": "2024-07-12 22:28:47 +0000"
    },
    "done": true
  },
  "minecraft:recipes/transportation/bamboo_chest_raft": {
    "criteria": {
      "has_boat": "2024-07-12 22:28:47 +0000"
    },
    "done": true
  },
  "minecraft:recipes/transportation/acacia_chest_boat": {
    "criteria": {
      "has_boat": "2024-07-12 22:28:47 +0000"
    },
    "done": true
  },
  "minecraft:recipes/transportation/spruce_boat": {
    "criteria": {
      "has_the_recipe": "2024-07-12 22:28:47 +0000"
    },
    "done": true
  },
  "minecraft:recipes/transportation/cherry_chest_boat": {
    "criteria": {
      "has_boat": "2024-07-12 22:28:47 +0000"
    },
    "done": true
  },
  "minecraft:recipes/transportation/birch_chest_boat": {
    "criteria": {
      "has_boat": "2024-07-12 22:28:47 +0000"
    },
    "done": true
  },
  "minecraft:recipes/transportation/dark_oak_chest_boat": {
    "criteria": {
      "has_boat": "2024-07-12 22:28:47 +0000"
    },
    "done": true
  },
  "minecraft:recipes/food/baked_potato_from_campfire_cooking": {
    "criteria": {
      "has_potato": "2024-07-12 22:29:30 +0000"
    },
    "done": true
  },
  "minecraft:recipes/food/baked_potato": {
    "criteria": {
      "has_potato": "2024-07-12 22:29:30 +0000"
    },
    "done": true
  },
  "minecraft:recipes/food/baked_potato_from_smoking": {
    "criteria": {
      "has_potato": "2024-07-12 22:29:30 +0000"
    },
    "done": true
  },
  "ironshulkerbox:recipes/decorations/shulkerboxes/red/iron/copper_iron_shulker_box": {
    "criteria": {
      "has_gold": "2024-07-12 22:33:02 +0000"
    },
    "done": true
  },
  "ironshulkerbox:recipes/decorations/upgrades/iron_to_gold_shulker_box_upgrade": {
    "criteria": {
      "has_iron_ingot": "2024-07-12 22:33:02 +0000"
    },
    "done": true
  },
  "ironshulkerbox:recipes/decorations/shulkerboxes/blue/iron/copper_iron_shulker_box": {
    "criteria": {
      "has_gold": "2024-07-12 22:33:02 +0000"
    },
    "done": true
  },
  "ironshulkerbox:recipes/decorations/shulkerboxes/brown/iron/copper_iron_shulker_box": {
    "criteria": {
      "has_gold": "2024-07-12 22:33:02 +0000"
    },
    "done": true
  },
  "ironchest:recipes/decorations/upgrades/wood_to_iron_chest_upgrade": {
    "criteria": {
      "has_iron_ingot": "2024-07-12 22:33:02 +0000"
    },
    "done": true
  },
  "minecraft:recipes/combat/iron_helmet": {
    "criteria": {
      "has_iron_ingot": "2024-07-12 22:33:02 +0000"
    },
    "done": true
  },
  "knightquest:recipes/misc/kukri_dagger": {
    "criteria": {
      "has_iron_ingot": "2024-07-12 22:33:02 +0000"
    },
    "done": true
  },
  "immersive_aircraft:misc/aircraftery": {
    "criteria": {
      "has_item": "2024-07-12 22:33:02 +0000"
    },
    "done": true
  },
  "knightquest:recipes/misc/kukri": {
    "criteria": {
      "has_iron_ingot": "2024-07-12 22:33:02 +0000"
    },
    "done": true
  },
  "ironchest:recipes/decorations/chests/copper_iron_chest": {
    "criteria": {
      "has_iron_ingot": "2024-07-12 22:33:02 +0000"
    },
    "done": true
  },
  "minecraft:recipes/tools/shears": {
    "criteria": {
      "has_iron_ingot": "2024-07-12 22:33:02 +0000"
    },
    "done": true
  },
  "minecraft:recipes/building_blocks/iron_block": {
    "criteria": {
      "has_iron_ingot": "2024-07-12 22:33:02 +0000"
    },
    "done": true
  },
  "ironshulkerbox:recipes/decorations/upgrades/copper_to_iron_shulker_box_upgrade": {
    "criteria": {
      "has_iron_ingot": "2024-07-12 22:33:02 +0000"
    },
    "done": true
  },
  "create:recipes/misc/crafting/materials/andesite_alloy": {
    "criteria": {
      "has_item": "2024-07-12 22:33:02 +0000"
    },
    "done": true
  },
  "ironshulkerbox:recipes/decorations/shulkerboxes/white/iron/copper_iron_shulker_box": {
    "criteria": {
      "has_gold": "2024-07-12 22:33:02 +0000"
    },
    "done": true
  },
  "minecraft:recipes/redstone/hopper": {
    "criteria": {
      "has_iron_ingot": "2024-07-12 22:33:02 +0000"
    },
    "done": true
  },
  "minecraft:recipes/combat/iron_boots": {
    "criteria": {
      "has_iron_ingot": "2024-07-12 22:33:02 +0000"
    },
    "done": true
  },
  "minecraft:recipes/decorations/lantern": {
    "criteria": {
      "has_iron_ingot": "2024-07-12 22:33:02 +0000"
    },
    "done": true
  },
  "minecraft:recipes/tools/iron_shovel": {
    "criteria": {
      "has_iron_ingot": "2024-07-12 22:33:02 +0000"
    },
    "done": true
  },
  "ironchest:recipes/decorations/upgrades/copper_to_iron_chest_upgrade": {
    "criteria": {
      "has_iron_ingot": "2024-07-12 22:33:02 +0000"
    },
    "done": true
  },
  "ironchest:recipes/decorations/chests/vanilla_iron_chest": {
    "criteria": {
      "has_iron_ingot": "2024-07-12 22:33:02 +0000"
    },
    "done": true
  },
  "minecraft:recipes/redstone/iron_trapdoor": {
    "criteria": {
      "has_iron_ingot": "2024-07-12 22:33:02 +0000"
    },
    "done": true
  },
  "minecraft:recipes/combat/crossbow": {
    "criteria": {
      "has_iron_ingot": "2024-07-12 22:33:02 +0000"
    },
    "done": true
  },
  "ironshulkerbox:recipes/decorations/shulkerboxes/pink/iron/copper_iron_shulker_box": {
    "criteria": {
      "has_gold": "2024-07-12 22:33:02 +0000"
    },
    "done": true
  },
  "ironshulkerbox:recipes/decorations/shulkerboxes/light_gray/iron/copper_iron_shulker_box": {
    "criteria": {
      "has_gold": "2024-07-12 22:33:02 +0000"
    },
    "done": true
  },
  "minecraft:recipes/redstone/heavy_weighted_pressure_plate": {
    "criteria": {
      "has_iron_ingot": "2024-07-12 22:33:02 +0000"
    },
    "done": true
  },
  "minecraft:recipes/combat/iron_leggings": {
    "criteria": {
      "has_iron_ingot": "2024-07-12 22:33:02 +0000"
    },
    "done": true
  },
  "ironshulkerbox:recipes/decorations/shulkerboxes/light_blue/iron/copper_iron_shulker_box": {
    "criteria": {
      "has_gold": "2024-07-12 22:33:02 +0000"
    },
    "done": true
  },
  "minecraft:recipes/combat/iron_chestplate": {
    "criteria": {
      "has_iron_ingot": "2024-07-12 22:33:02 +0000"
    },
    "done": true
  },
  "minecraft:recipes/misc/iron_nugget": {
    "criteria": {
      "has_iron_ingot": "2024-07-12 22:33:02 +0000"
    },
    "done": true
  },
  "ironshulkerbox:recipes/decorations/shulkerboxes/default/iron/copper_iron_shulker_box": {
    "criteria": {
      "has_gold": "2024-07-12 22:33:02 +0000"
    },
    "done": true
  },
  "minecraft:recipes/misc/bucket": {
    "criteria": {
      "has_iron_ingot": "2024-07-12 22:33:02 +0000"
    },
    "done": true
  },
  "minecraft:recipes/transportation/minecart": {
    "criteria": {
      "has_iron_ingot": "2024-07-12 22:33:02 +0000"
    },
    "done": true
  },
  "minecraft:recipes/tools/iron_hoe": {
    "criteria": {
      "has_iron_ingot": "2024-07-12 22:33:02 +0000"
    },
    "done": true
  },
  "minecraft:story/smelt_iron": {
    "criteria": {
      "iron": "2024-07-12 22:33:02 +0000"
    },
    "done": true
  },
  "minecraft:recipes/decorations/chain": {
    "criteria": {
      "has_iron_ingot": "2024-07-12 22:33:02 +0000"
    },
    "done": true
  },
  "minecraft:recipes/decorations/smithing_table": {
    "criteria": {
      "has_iron_ingot": "2024-07-12 22:33:02 +0000"
    },
    "done": true
  },
  "create:recipes/misc/crafting/kinetics/empty_blaze_burner": {
    "criteria": {
      "has_item": "2024-07-12 22:33:02 +0000"
    },
    "done": true
  },
  "ironshulkerbox:recipes/decorations/shulkerboxes/cyan/iron/copper_iron_shulker_box": {
    "criteria": {
      "has_gold": "2024-07-12 22:33:02 +0000"
    },
    "done": true
  },
  "minecraft:recipes/combat/iron_sword": {
    "criteria": {
      "has_iron_ingot": "2024-07-12 22:33:02 +0000"
    },
    "done": true
  },
  "minecraft:recipes/tools/iron_pickaxe": {
    "criteria": {
      "has_iron_ingot": "2024-07-12 22:33:02 +0000"
    },
    "done": true
  },
  "minecraft:recipes/combat/shield": {
    "criteria": {
      "has_iron_ingot": "2024-07-12 22:33:02 +0000"
    },
    "done": true
  },
  "minecraft:recipes/decorations/iron_bars": {
    "criteria": {
      "has_iron_ingot": "2024-07-12 22:33:02 +0000"
    },
    "done": true
  },
  "ironshulkerbox:recipes/decorations/shulkerboxes/magenta/iron/copper_iron_shulker_box": {
    "criteria": {
      "has_gold": "2024-07-12 22:33:02 +0000"
    },
    "done": true
  },
  "ironshulkerbox:recipes/decorations/upgrades/vanilla_to_iron_shulker_box_upgrade": {
    "criteria": {
      "has_iron_ingot": "2024-07-12 22:33:02 +0000"
    },
    "done": true
  },
  "ironshulkerbox:recipes/decorations/shulkerboxes/yellow/iron/copper_iron_shulker_box": {
    "criteria": {
      "has_gold": "2024-07-12 22:33:02 +0000"
    },
    "done": true
  },
  "ironshulkerbox:recipes/decorations/shulkerboxes/purple/iron/copper_iron_shulker_box": {
    "criteria": {
      "has_gold": "2024-07-12 22:33:02 +0000"
    },
    "done": true
  },
  "ironchest:recipes/decorations/upgrades/iron_to_gold_chest_upgrade": {
    "criteria": {
      "has_iron_ingot": "2024-07-12 22:33:02 +0000"
    },
    "done": true
  },
  "man_of_many_planes:misc/expanded_aircraftery": {
    "criteria": {
      "has_item": "2024-07-12 22:33:02 +0000"
    },
    "done": true
  },
  "ironshulkerbox:recipes/decorations/shulkerboxes/orange/iron/copper_iron_shulker_box": {
    "criteria": {
      "has_gold": "2024-07-12 22:33:02 +0000"
    },
    "done": true
  },
  "minecraft:recipes/tools/iron_axe": {
    "criteria": {
      "has_iron_ingot": "2024-07-12 22:33:02 +0000"
    },
    "done": true
  },
  "ironshulkerbox:recipes/decorations/shulkerboxes/black/iron/copper_iron_shulker_box": {
    "criteria": {
      "has_gold": "2024-07-12 22:33:02 +0000"
    },
    "done": true
  },
  "ironshulkerbox:recipes/decorations/shulkerboxes/gray/iron/copper_iron_shulker_box": {
    "criteria": {
      "has_gold": "2024-07-12 22:33:02 +0000"
    },
    "done": true
  },
  "ironshulkerbox:recipes/decorations/shulkerboxes/green/iron/copper_iron_shulker_box": {
    "criteria": {
      "has_gold": "2024-07-12 22:33:02 +0000"
    },
    "done": true
  },
  "ironshulkerbox:recipes/decorations/shulkerboxes/lime/iron/copper_iron_shulker_box": {
    "criteria": {
      "has_gold": "2024-07-12 22:33:02 +0000"
    },
    "done": true
  },
  "create:recipes/building_blocks/industrial_iron_block_from_ingots_iron_stonecutting": {
    "criteria": {
      "has_ingots_iron": "2024-07-12 22:33:02 +0000"
    },
    "done": true
  },
  "minecraft:recipes/redstone/iron_door": {
    "criteria": {
      "has_iron_ingot": "2024-07-12 22:33:02 +0000"
    },
    "done": true
  },
  "knightquest:recipes/misc/bamboo_chestplate": {
    "criteria": {
      "has_coal": "2024-07-12 22:33:07 +0000"
    },
    "done": true
  },
  "knightquest:recipes/misc/bamboo_leggings": {
    "criteria": {
      "has_coal": "2024-07-12 22:33:07 +0000"
    },
    "done": true
  },
  "knightquest:recipes/misc/bamboo_boots": {
    "criteria": {
      "has_coal": "2024-07-12 22:33:07 +0000"
    },
    "done": true
  },
  "minecraft:recipes/decorations/glow_item_frame": {
    "criteria": {
      "has_item_frame": "2024-07-12 22:33:07 +0000"
    },
    "done": true
  },
  "minecraft:recipes/building_blocks/coal_block": {
    "criteria": {
      "has_coal": "2024-07-12 22:33:07 +0000"
    },
    "done": true
  },
  "knightquest:recipes/misc/bamboo_helmet": {
    "criteria": {
      "has_coal": "2024-07-12 22:33:07 +0000"
    },
    "done": true
  },
  "knightquest:recipes/misc/silver_helmet": {
    "criteria": {
      "has_iron_block": "2024-07-12 22:33:43 +0000"
    },
    "done": true
  },
  "minecraft:recipes/misc/iron_ingot_from_iron_block": {
    "criteria": {
      "has_iron_block": "2024-07-12 22:33:43 +0000"
    },
    "done": true
  },
  "knightquest:recipes/misc/nail_sword": {
    "criteria": {
      "has_iron_block": "2024-07-12 22:33:43 +0000"
    },
    "done": true
  },
  "knightquest:recipes/misc/nail_glaive": {
    "criteria": {
      "has_iron_block": "2024-07-12 22:33:43 +0000"
    },
    "done": true
  },
  "knightquest:recipes/misc/silver_leggings": {
    "criteria": {
      "has_iron_block": "2024-07-12 22:33:43 +0000"
    },
    "done": true
  },
  "knightquest:recipes/misc/silver_chestplate": {
    "criteria": {
      "has_iron_block": "2024-07-12 22:33:43 +0000"
    },
    "done": true
  },
  "minecraft:recipes/decorations/anvil": {
    "criteria": {
      "has_iron_block": "2024-07-12 22:33:43 +0000"
    },
    "done": true
  },
  "knightquest:recipes/misc/silver_boots": {
    "criteria": {
      "has_iron_block": "2024-07-12 22:33:43 +0000"
    },
    "done": true
  },
  "minecraft:story/shiny_gear": {
    "criteria": {
      "diamond_leggings": "2024-07-12 22:34:14 +0000"
    },
    "done": true
  },
  "minecraft:recipes/misc/coal": {
    "criteria": {
      "has_coal_block": "2024-07-12 22:34:53 +0000"
    },
    "done": true
  },
  "minecraft:recipes/decorations/spruce_hanging_sign": {
    "criteria": {
      "has_stripped_logs": "2024-07-12 22:35:35 +0000"
    },
    "done": true
  },
  "minecraft:recipes/building_blocks/stripped_spruce_wood": {
    "criteria": {
      "has_log": "2024-07-12 22:35:35 +0000"
    },
    "done": true
  },
  "knightquest:recipes/misc/polar_boots": {
    "criteria": {
      "has_snowball": "2024-07-12 22:36:45 +0000"
    },
    "done": true
  },
  "knightquest:recipes/misc/polar_leggings": {
    "criteria": {
      "has_snowball": "2024-07-12 22:36:45 +0000"
    },
    "done": true
  },
  "minecraft:recipes/decorations/snow": {
    "criteria": {
      "has_snowball": "2024-07-12 22:36:45 +0000"
    },
    "done": true
  },
  "knightquest:recipes/misc/polar_helmet": {
    "criteria": {
      "has_snowball": "2024-07-12 22:36:45 +0000"
    },
    "done": true
  },
  "knightquest:recipes/misc/polar_chestplate": {
    "criteria": {
      "has_snowball": "2024-07-12 22:36:45 +0000"
    },
    "done": true
  },
  "minecraft:recipes/building_blocks/snow_block": {
    "criteria": {
      "has_snowball": "2024-07-12 22:36:45 +0000"
    },
    "done": true
  },
  "minecraft:story/obtain_armor": {
    "criteria": {
      "iron_chestplate": "2024-07-12 22:37:07 +0000"
    },
    "done": true
  },
  "knightquest:recipes/misc/tunic_sea_leggings": {
    "criteria": {
      "has_iron_leggings": "2024-07-12 22:37:08 +0000"
    },
    "done": true
  },
  "knightquest:recipes/misc/tunic_blue_leggings": {
    "criteria": {
      "has_iron_leggings": "2024-07-12 22:37:08 +0000"
    },
    "done": true
  },
  "knightquest:recipes/misc/tunic_green_leggings": {
    "criteria": {
      "has_iron_leggings": "2024-07-12 22:37:08 +0000"
    },
    "done": true
  },
  "knightquest:recipes/misc/tunic_red_leggings": {
    "criteria": {
      "has_iron_leggings": "2024-07-12 22:37:08 +0000"
    },
    "done": true
  },
  "knightquest:recipes/misc/tunic_yellow_leggings": {
    "criteria": {
      "has_iron_leggings": "2024-07-12 22:37:08 +0000"
    },
    "done": true
  },
  "ironshulkerbox:recipes/decorations/shulkerboxes/white/obsidian/diamond_obsidian_shulker_box": {
    "criteria": {
      "has_obsidian": "2024-07-12 22:37:13 +0000"
    },
    "done": true
  },
  "ironchest:recipes/decorations/chests/diamond_obsidian_chest": {
    "criteria": {
      "has_obsidian": "2024-07-12 22:37:13 +0000"
    },
    "done": true
  },
  "ironshulkerbox:recipes/decorations/shulkerboxes/purple/obsidian/diamond_obsidian_shulker_box": {
    "criteria": {
      "has_obsidian": "2024-07-12 22:37:13 +0000"
    },
    "done": true
  },
  "ironshulkerbox:recipes/decorations/shulkerboxes/black/obsidian/diamond_obsidian_shulker_box": {
    "criteria": {
      "has_obsidian": "2024-07-12 22:37:13 +0000"
    },
    "done": true
  },
  "ironshulkerbox:recipes/decorations/shulkerboxes/light_blue/obsidian/diamond_obsidian_shulker_box": {
    "criteria": {
      "has_obsidian": "2024-07-12 22:37:13 +0000"
    },
    "done": true
  },
  "ironshulkerbox:recipes/decorations/shulkerboxes/light_gray/obsidian/diamond_obsidian_shulker_box": {
    "criteria": {
      "has_obsidian": "2024-07-12 22:37:13 +0000"
    },
    "done": true
  },
  "ironshulkerbox:recipes/decorations/shulkerboxes/blue/obsidian/diamond_obsidian_shulker_box": {
    "criteria": {
      "has_obsidian": "2024-07-12 22:37:13 +0000"
    },
    "done": true
  },
  "minecraft:story/form_obsidian": {
    "criteria": {
      "obsidian": "2024-07-12 22:37:13 +0000"
    },
    "done": true
  },
  "ironshulkerbox:recipes/decorations/shulkerboxes/default/obsidian/diamond_obsidian_shulker_box": {
    "criteria": {
      "has_obsidian": "2024-07-12 22:37:13 +0000"
    },
    "done": true
  },
  "ironshulkerbox:recipes/decorations/shulkerboxes/yellow/obsidian/diamond_obsidian_shulker_box": {
    "criteria": {
      "has_obsidian": "2024-07-12 22:37:13 +0000"
    },
    "done": true
  },
  "ironshulkerbox:recipes/decorations/shulkerboxes/gray/obsidian/diamond_obsidian_shulker_box": {
    "criteria": {
      "has_obsidian": "2024-07-12 22:37:13 +0000"
    },
    "done": true
  },
  "stellarity:recipes/crying_obsidian_with_popped_chorus": {
    "criteria": {
      "has_item1": "2024-07-12 22:37:13 +0000"
    },
    "done": true
  },
  "ironshulkerbox:recipes/decorations/shulkerboxes/pink/obsidian/diamond_obsidian_shulker_box": {
    "criteria": {
      "has_obsidian": "2024-07-12 22:37:13 +0000"
    },
    "done": true
  },
  "ironshulkerbox:recipes/decorations/shulkerboxes/orange/obsidian/diamond_obsidian_shulker_box": {
    "criteria": {
      "has_obsidian": "2024-07-12 22:37:13 +0000"
    },
    "done": true
  },
  "ironshulkerbox:recipes/decorations/shulkerboxes/green/obsidian/diamond_obsidian_shulker_box": {
    "criteria": {
      "has_obsidian": "2024-07-12 22:37:13 +0000"
    },
    "done": true
  },
  "minecraft:recipes/tools/flint_and_steel": {
    "criteria": {
      "has_obsidian": "2024-07-12 22:37:13 +0000"
    },
    "done": true
  },
  "ironshulkerbox:recipes/decorations/shulkerboxes/red/obsidian/diamond_obsidian_shulker_box": {
    "criteria": {
      "has_obsidian": "2024-07-12 22:37:13 +0000"
    },
    "done": true
  },
  "ironshulkerbox:recipes/decorations/shulkerboxes/lime/obsidian/diamond_obsidian_shulker_box": {
    "criteria": {
      "has_obsidian": "2024-07-12 22:37:13 +0000"
    },
    "done": true
  },
  "ironshulkerbox:recipes/decorations/shulkerboxes/magenta/obsidian/diamond_obsidian_shulker_box": {
    "criteria": {
      "has_obsidian": "2024-07-12 22:37:13 +0000"
    },
    "done": true
  },
  "ironshulkerbox:recipes/decorations/shulkerboxes/brown/obsidian/diamond_obsidian_shulker_box": {
    "criteria": {
      "has_obsidian": "2024-07-12 22:37:13 +0000"
    },
    "done": true
  },
  "minecraft:recipes/decorations/enchanting_table": {
    "criteria": {
      "has_obsidian": "2024-07-12 22:37:13 +0000"
    },
    "done": true
  },
  "ironshulkerbox:recipes/decorations/shulkerboxes/cyan/obsidian/diamond_obsidian_shulker_box": {
    "criteria": {
      "has_obsidian": "2024-07-12 22:37:13 +0000"
    },
    "done": true
  },
  "knightquest:recipes/misc/chainmail_helmet": {
    "criteria": {
      "has_iron_axe": "2024-07-12 22:37:20 +0000"
    },
    "done": true
  },
  "knightquest:recipes/misc/chainmail_helmet2": {
    "criteria": {
      "has_iron_axe": "2024-07-12 22:37:20 +0000"
    },
    "done": true
  },
  "knightquest:recipes/misc/steel_axe": {
    "criteria": {
      "has_iron_axe": "2024-07-12 22:37:20 +0000"
    },
    "done": true
  },
  "knightquest:recipes/misc/bamboo_blue_leggings": {
    "criteria": {
      "has_gold_ingot": "2024-07-12 22:37:42 +0000"
    },
    "done": true
  },
  "ironshulkerbox:recipes/decorations/shulkerboxes/purple/gold/iron_gold_shulker_box": {
    "criteria": {
      "has_gold": "2024-07-12 22:37:42 +0000"
    },
    "done": true
  },
  "ironshulkerbox:recipes/decorations/shulkerboxes/black/iron/vanilla_iron_shulker_box": {
    "criteria": {
      "has_gold": "2024-07-12 22:37:42 +0000"
    },
    "done": true
  },
  "minecraft:recipes/tools/golden_axe": {
    "criteria": {
      "has_gold_ingot": "2024-07-12 22:37:42 +0000"
    },
    "done": true
  },
  "minecraft:recipes/tools/golden_pickaxe": {
    "criteria": {
      "has_gold_ingot": "2024-07-12 22:37:42 +0000"
    },
    "done": true
  },
  "minecraft:recipes/misc/gold_nugget": {
    "criteria": {
      "has_gold_ingot": "2024-07-12 22:37:42 +0000"
    },
    "done": true
  },
  "minecraft:recipes/tools/golden_shovel": {
    "criteria": {
      "has_gold_ingot": "2024-07-12 22:37:42 +0000"
    },
    "done": true
  },
  "minecraft:recipes/food/golden_apple": {
    "criteria": {
      "has_gold_ingot": "2024-07-12 22:37:42 +0000"
    },
    "done": true
  },
  "minecraft:recipes/combat/golden_boots": {
    "criteria": {
      "has_gold_ingot": "2024-07-12 22:37:42 +0000"
    },
    "done": true
  },
  "ironshulkerbox:recipes/decorations/shulkerboxes/brown/iron/vanilla_iron_shulker_box": {
    "criteria": {
      "has_gold": "2024-07-12 22:37:42 +0000"
    },
    "done": true
  },
  "ironshulkerbox:recipes/decorations/shulkerboxes/black/gold/iron_gold_shulker_box": {
    "criteria": {
      "has_gold": "2024-07-12 22:37:42 +0000"
    },
    "done": true
  },
  "ironshulkerbox:recipes/decorations/shulkerboxes/cyan/gold/iron_gold_shulker_box": {
    "criteria": {
      "has_gold": "2024-07-12 22:37:42 +0000"
    },
    "done": true
  },
  "ironshulkerbox:recipes/decorations/shulkerboxes/blue/iron/vanilla_iron_shulker_box": {
    "criteria": {
      "has_gold": "2024-07-12 22:37:42 +0000"
    },
    "done": true
  },
  "ironshulkerbox:recipes/decorations/shulkerboxes/gray/iron/vanilla_iron_shulker_box": {
    "criteria": {
      "has_gold": "2024-07-12 22:37:42 +0000"
    },
    "done": true
  },
  "ironshulkerbox:recipes/decorations/shulkerboxes/yellow/gold/iron_gold_shulker_box": {
    "criteria": {
      "has_gold": "2024-07-12 22:37:42 +0000"
    },
    "done": true
  },
  "knightquest:recipes/misc/bamboo_blue_helmet": {
    "criteria": {
      "has_gold_ingot": "2024-07-12 22:37:42 +0000"
    },
    "done": true
  },
  "minecraft:recipes/combat/golden_chestplate": {
    "criteria": {
      "has_gold_ingot": "2024-07-12 22:37:42 +0000"
    },
    "done": true
  },
  "knightquest:recipes/misc/warlord_helmet": {
    "criteria": {
      "has_gold_ingot": "2024-07-12 22:37:42 +0000"
    },
    "done": true
  },
  "minecraft:recipes/redstone/light_weighted_pressure_plate": {
    "criteria": {
      "has_gold_ingot": "2024-07-12 22:37:42 +0000"
    },
    "done": true
  },
  "ironshulkerbox:recipes/decorations/shulkerboxes/red/iron/vanilla_iron_shulker_box": {
    "criteria": {
      "has_gold": "2024-07-12 22:37:42 +0000"
    },
    "done": true
  },
  "ironshulkerbox:recipes/decorations/shulkerboxes/light_gray/gold/iron_gold_shulker_box": {
    "criteria": {
      "has_gold": "2024-07-12 22:37:42 +0000"
    },
    "done": true
  },
  "ironshulkerbox:recipes/decorations/shulkerboxes/pink/iron/vanilla_iron_shulker_box": {
    "criteria": {
      "has_gold": "2024-07-12 22:37:42 +0000"
    },
    "done": true
  },
  "ironshulkerbox:recipes/decorations/shulkerboxes/gray/gold/iron_gold_shulker_box": {
    "criteria": {
      "has_gold": "2024-07-12 22:37:42 +0000"
    },
    "done": true
  },
  "knightquest:recipes/misc/warlord_boots": {
    "criteria": {
      "has_gold_ingot": "2024-07-12 22:37:42 +0000"
    },
    "done": true
  },
  "ironshulkerbox:recipes/decorations/shulkerboxes/lime/gold/iron_gold_shulker_box": {
    "criteria": {
      "has_gold": "2024-07-12 22:37:42 +0000"
    },
    "done": true
  },
  "ironshulkerbox:recipes/decorations/shulkerboxes/white/gold/iron_gold_shulker_box": {
    "criteria": {
      "has_gold": "2024-07-12 22:37:42 +0000"
    },
    "done": true
  },
  "ironshulkerbox:recipes/decorations/shulkerboxes/orange/iron/vanilla_iron_shulker_box": {
    "criteria": {
      "has_gold": "2024-07-12 22:37:42 +0000"
    },
    "done": true
  },
  "ironshulkerbox:recipes/decorations/shulkerboxes/cyan/iron/vanilla_iron_shulker_box": {
    "criteria": {
      "has_gold": "2024-07-12 22:37:42 +0000"
    },
    "done": true
  },
  "knightquest:recipes/misc/bamboo_blue_chestplate": {
    "criteria": {
      "has_gold_ingot": "2024-07-12 22:37:42 +0000"
    },
    "done": true
  },
  "ironchest:recipes/decorations/chests/iron_gold_chest": {
    "criteria": {
      "has_gold_ingot": "2024-07-12 22:37:42 +0000"
    },
    "done": true
  },
  "ironshulkerbox:recipes/decorations/shulkerboxes/light_blue/gold/iron_gold_shulker_box": {
    "criteria": {
      "has_gold": "2024-07-12 22:37:42 +0000"
    },
    "done": true
  },
  "minecraft:recipes/combat/golden_sword": {
    "criteria": {
      "has_gold_ingot": "2024-07-12 22:37:42 +0000"
    },
    "done": true
  },
  "ironshulkerbox:recipes/decorations/shulkerboxes/brown/gold/iron_gold_shulker_box": {
    "criteria": {
      "has_gold": "2024-07-12 22:37:42 +0000"
    },
    "done": true
  },
  "ironshulkerbox:recipes/decorations/shulkerboxes/orange/gold/iron_gold_shulker_box": {
    "criteria": {
      "has_gold": "2024-07-12 22:37:42 +0000"
    },
    "done": true
  },
  "minecraft:recipes/building_blocks/gold_block": {
    "criteria": {
      "has_gold_ingot": "2024-07-12 22:37:42 +0000"
    },
    "done": true
  },
  "ironshulkerbox:recipes/decorations/shulkerboxes/default/gold/iron_gold_shulker_box": {
    "criteria": {
      "has_gold": "2024-07-12 22:37:42 +0000"
    },
    "done": true
  },
  "ironshulkerbox:recipes/decorations/shulkerboxes/light_blue/iron/vanilla_iron_shulker_box": {
    "criteria": {
      "has_gold": "2024-07-12 22:37:42 +0000"
    },
    "done": true
  },
  "ironshulkerbox:recipes/decorations/shulkerboxes/red/gold/iron_gold_shulker_box": {
    "criteria": {
      "has_gold": "2024-07-12 22:37:42 +0000"
    },
    "done": true
  },
  "ironshulkerbox:recipes/decorations/shulkerboxes/white/iron/vanilla_iron_shulker_box": {
    "criteria": {
      "has_gold": "2024-07-12 22:37:42 +0000"
    },
    "done": true
  },
  "knightquest:recipes/misc/warlord_leggings": {
    "criteria": {
      "has_gold_ingot": "2024-07-12 22:37:42 +0000"
    },
    "done": true
  },
  "ironshulkerbox:recipes/decorations/shulkerboxes/lime/iron/vanilla_iron_shulker_box": {
    "criteria": {
      "has_gold": "2024-07-12 22:37:42 +0000"
    },
    "done": true
  },
  "knightquest:recipes/misc/bamboo_blue_boots": {
    "criteria": {
      "has_gold_ingot": "2024-07-12 22:37:42 +0000"
    },
    "done": true
  },
  "ironshulkerbox:recipes/decorations/shulkerboxes/blue/gold/iron_gold_shulker_box": {
    "criteria": {
      "has_gold": "2024-07-12 22:37:42 +0000"
    },
    "done": true
  },
  "ironshulkerbox:recipes/decorations/shulkerboxes/default/iron/vanilla_iron_shulker_box": {
    "criteria": {
      "has_gold": "2024-07-12 22:37:42 +0000"
    },
    "done": true
  },
  "minecraft:recipes/combat/golden_helmet": {
    "criteria": {
      "has_gold_ingot": "2024-07-12 22:37:42 +0000"
    },
    "done": true
  },
  "ironshulkerbox:recipes/decorations/shulkerboxes/green/gold/iron_gold_shulker_box": {
    "criteria": {
      "has_gold": "2024-07-12 22:37:42 +0000"
    },
    "done": true
  },
  "ironshulkerbox:recipes/decorations/shulkerboxes/light_gray/iron/vanilla_iron_shulker_box": {
    "criteria": {
      "has_gold": "2024-07-12 22:37:42 +0000"
    },
    "done": true
  },
  "knightquest:recipes/misc/warlord_chestplate": {
    "criteria": {
      "has_gold_ingot": "2024-07-12 22:37:42 +0000"
    },
    "done": true
  },
  "ironshulkerbox:recipes/decorations/shulkerboxes/pink/gold/iron_gold_shulker_box": {
    "criteria": {
      "has_gold": "2024-07-12 22:37:42 +0000"
    },
    "done": true
  },
  "ironshulkerbox:recipes/decorations/shulkerboxes/green/iron/vanilla_iron_shulker_box": {
    "criteria": {
      "has_gold": "2024-07-12 22:37:42 +0000"
    },
    "done": true
  },
  "ironshulkerbox:recipes/decorations/shulkerboxes/yellow/iron/vanilla_iron_shulker_box": {
    "criteria": {
      "has_gold": "2024-07-12 22:37:42 +0000"
    },
    "done": true
  },
  "ironshulkerbox:recipes/decorations/shulkerboxes/magenta/gold/iron_gold_shulker_box": {
    "criteria": {
      "has_gold": "2024-07-12 22:37:42 +0000"
    },
    "done": true
  },
  "minecraft:recipes/tools/golden_hoe": {
    "criteria": {
      "has_gold_ingot": "2024-07-12 22:37:42 +0000"
    },
    "done": true
  },
  "ironshulkerbox:recipes/decorations/shulkerboxes/purple/iron/vanilla_iron_shulker_box": {
    "criteria": {
      "has_gold": "2024-07-12 22:37:42 +0000"
    },
    "done": true
  },
  "ironshulkerbox:recipes/decorations/shulkerboxes/magenta/iron/vanilla_iron_shulker_box": {
    "criteria": {
      "has_gold": "2024-07-12 22:37:42 +0000"
    },
    "done": true
  },
  "minecraft:recipes/combat/golden_leggings": {
    "criteria": {
      "has_gold_ingot": "2024-07-12 22:37:42 +0000"
    },
    "done": true
  },
  "minecraft:recipes/combat/diamond_sword": {
    "criteria": {
      "has_diamond": "2024-07-12 22:37:52 +0000"
    },
    "done": true
  },
  "minecraft:recipes/decorations/jukebox": {
    "criteria": {
      "has_diamond": "2024-07-12 22:37:52 +0000"
    },
    "done": true
  },
  "minecraft:recipes/combat/diamond_chestplate": {
    "criteria": {
      "has_diamond": "2024-07-12 22:37:52 +0000"
    },
    "done": true
  },
  "minecraft:recipes/tools/diamond_pickaxe": {
    "criteria": {
      "has_diamond": "2024-07-12 22:37:52 +0000"
    },
    "done": true
  },
  "ironshulkerbox:recipes/decorations/shulkerboxes/gray/diamond/gold_diamond_shulker_box": {
    "criteria": {
      "has_diamonds": "2024-07-12 22:37:52 +0000"
    },
    "done": true
  },
  "minecraft:recipes/tools/diamond_hoe": {
    "criteria": {
      "has_diamond": "2024-07-12 22:37:52 +0000"
    },
    "done": true
  },
  "minecraft:recipes/tools/diamond_shovel": {
    "criteria": {
      "has_diamond": "2024-07-12 22:37:52 +0000"
    },
    "done": true
  },
  "knightquest:recipes/misc/uchigatana_katana": {
    "criteria": {
      "has_diamond": "2024-07-12 22:37:52 +0000"
    },
    "done": true
  },
  "knightquest:recipes/misc/conquistador3_helmet": {
    "criteria": {
      "has_diamond": "2024-07-12 22:37:52 +0000"
    },
    "done": true
  },
  "ironshulkerbox:recipes/decorations/shulkerboxes/light_blue/diamond/gold_diamond_shulker_box": {
    "criteria": {
      "has_diamonds": "2024-07-12 22:37:52 +0000"
    },
    "done": true
  },
  "minecraft:recipes/combat/diamond_helmet": {
    "criteria": {
      "has_diamond": "2024-07-12 22:37:52 +0000"
    },
    "done": true
  },
  "ironshulkerbox:recipes/decorations/shulkerboxes/orange/diamond/gold_diamond_shulker_box": {
    "criteria": {
      "has_diamonds": "2024-07-12 22:37:52 +0000"
    },
    "done": true
  },
  "ironshulkerbox:recipes/decorations/shulkerboxes/light_gray/diamond/gold_diamond_shulker_box": {
    "criteria": {
      "has_diamonds": "2024-07-12 22:37:52 +0000"
    },
    "done": true
  },
  "knightquest:recipes/misc/uchigatana": {
    "criteria": {
      "has_diamond": "2024-07-12 22:37:52 +0000"
    },
    "done": true
  },
  "minecraft:recipes/building_blocks/diamond_block": {
    "criteria": {
      "has_diamond": "2024-07-12 22:37:52 +0000"
    },
    "done": true
  },
  "ironchest:recipes/decorations/chests/gold_diamond_chest": {
    "criteria": {
      "has_diamonds": "2024-07-12 22:37:52 +0000"
    },
    "done": true
  },
  "minecraft:story/mine_diamond": {
    "criteria": {
      "diamond": "2024-07-12 22:37:52 +0000"
    },
    "done": true
  },
  "ironshulkerbox:recipes/decorations/shulkerboxes/lime/diamond/gold_diamond_shulker_box": {
    "criteria": {
      "has_diamonds": "2024-07-12 22:37:52 +0000"
    },
    "done": true
  },
  "minecraft:recipes/combat/diamond_leggings": {
    "criteria": {
      "has_diamond": "2024-07-12 22:37:52 +0000"
    },
    "done": true
  },
  "ironshulkerbox:recipes/decorations/shulkerboxes/purple/diamond/gold_diamond_shulker_box": {
    "criteria": {
      "has_diamonds": "2024-07-12 22:37:52 +0000"
    },
    "done": true
  },
  "ironshulkerbox:recipes/decorations/shulkerboxes/yellow/diamond/gold_diamond_shulker_box": {
    "criteria": {
      "has_diamonds": "2024-07-12 22:37:52 +0000"
    },
    "done": true
  },
  "ironshulkerbox:recipes/decorations/shulkerboxes/cyan/diamond/gold_diamond_shulker_box": {
    "criteria": {
      "has_diamonds": "2024-07-12 22:37:52 +0000"
    },
    "done": true
  },
  "ironshulkerbox:recipes/decorations/shulkerboxes/black/diamond/gold_diamond_shulker_box": {
    "criteria": {
      "has_diamonds": "2024-07-12 22:37:52 +0000"
    },
    "done": true
  },
  "minecraft:recipes/combat/diamond_boots": {
    "criteria": {
      "has_diamond": "2024-07-12 22:37:52 +0000"
    },
    "done": true
  },
  "ironshulkerbox:recipes/decorations/shulkerboxes/blue/diamond/gold_diamond_shulker_box": {
    "criteria": {
      "has_diamonds": "2024-07-12 22:37:52 +0000"
    },
    "done": true
  },
  "ironshulkerbox:recipes/decorations/shulkerboxes/white/diamond/gold_diamond_shulker_box": {
    "criteria": {
      "has_diamonds": "2024-07-12 22:37:52 +0000"
    },
    "done": true
  },
  "ironshulkerbox:recipes/decorations/shulkerboxes/pink/diamond/gold_diamond_shulker_box": {
    "criteria": {
      "has_diamonds": "2024-07-12 22:37:52 +0000"
    },
    "done": true
  },
  "ironshulkerbox:recipes/decorations/shulkerboxes/default/diamond/gold_diamond_shulker_box": {
    "criteria": {
      "has_diamonds": "2024-07-12 22:37:52 +0000"
    },
    "done": true
  },
  "ironshulkerbox:recipes/decorations/shulkerboxes/brown/diamond/gold_diamond_shulker_box": {
    "criteria": {
      "has_diamonds": "2024-07-12 22:37:52 +0000"
    },
    "done": true
  },
  "ironshulkerbox:recipes/decorations/shulkerboxes/green/diamond/gold_diamond_shulker_box": {
    "criteria": {
      "has_diamonds": "2024-07-12 22:37:52 +0000"
    },
    "done": true
  },
  "ironshulkerbox:recipes/decorations/shulkerboxes/red/diamond/gold_diamond_shulker_box": {
    "criteria": {
      "has_diamonds": "2024-07-12 22:37:52 +0000"
    },
    "done": true
  },
  "ironshulkerbox:recipes/decorations/shulkerboxes/magenta/diamond/gold_diamond_shulker_box": {
    "criteria": {
      "has_diamonds": "2024-07-12 22:37:52 +0000"
    },
    "done": true
  },
  "minecraft:recipes/tools/diamond_axe": {
    "criteria": {
      "has_diamond": "2024-07-12 22:37:52 +0000"
    },
    "done": true
  },
  "minecraft:recipes/building_blocks/raw_iron_block": {
    "criteria": {
      "has_raw_iron": "2024-07-12 22:39:27 +0000"
    },
    "done": true
  },
  "minecraft:recipes/misc/iron_ingot_from_blasting_raw_iron": {
    "criteria": {
      "has_raw_iron": "2024-07-12 22:39:27 +0000"
    },
    "done": true
  },
  "minecraft:recipes/misc/iron_ingot_from_smelting_raw_iron": {
    "criteria": {
      "has_raw_iron": "2024-07-12 22:39:27 +0000"
    },
    "done": true
  },
  "minecraft:recipes/transportation/cherry_boat": {
    "criteria": {
      "in_water": "2024-07-12 22:41:12 +0000"
    },
    "done": true
  },
  "minecraft:recipes/transportation/bamboo_raft": {
    "criteria": {
      "in_water": "2024-07-12 22:41:12 +0000"
    },
    "done": true
  },
  "minecraft:recipes/transportation/acacia_boat": {
    "criteria": {
      "in_water": "2024-07-12 22:41:12 +0000"
    },
    "done": true
  },
  "minecraft:recipes/transportation/jungle_boat": {
    "criteria": {
      "in_water": "2024-07-12 22:41:12 +0000"
    },
    "done": true
  },
  "minecraft:recipes/transportation/birch_boat": {
    "criteria": {
      "in_water": "2024-07-12 22:41:12 +0000"
    },
    "done": true
  },
  "minecraft:recipes/transportation/oak_boat": {
    "criteria": {
      "in_water": "2024-07-12 22:41:12 +0000"
    },
    "done": true
  },
  "minecraft:recipes/transportation/mangrove_boat": {
    "criteria": {
      "in_water": "2024-07-12 22:41:12 +0000"
    },
    "done": true
  },
  "minecraft:recipes/transportation/dark_oak_boat": {
    "criteria": {
      "in_water": "2024-07-12 22:41:12 +0000"
    },
    "done": true
  },
  "minecraft:recipes/misc/bowl": {
    "criteria": {
      "has_brown_mushroom": "2024-07-12 22:42:09 +0000"
    },
    "done": true
  },
  "minecraft:recipes/food/mushroom_stew": {
    "criteria": {
      "has_brown_mushroom": "2024-07-12 22:42:09 +0000"
    },
    "done": true
  },
  "minecraft:recipes/food/cooked_mutton_from_smoking": {
    "criteria": {
      "has_mutton": "2024-07-12 22:42:13 +0000"
    },
    "done": true
  },
  "minecraft:recipes/food/cooked_mutton": {
    "criteria": {
      "has_mutton": "2024-07-12 22:42:13 +0000"
    },
    "done": true
  },
  "minecraft:recipes/food/cooked_mutton_from_campfire_cooking": {
    "criteria": {
      "has_mutton": "2024-07-12 22:42:13 +0000"
    },
    "done": true
  },
  "minecraft:recipes/combat/leather_helmet": {
    "criteria": {
      "has_leather": "2024-07-12 22:42:17 +0000"
    },
    "done": true
  },
  "knightquest:recipes/misc/conquistador_leggings": {
    "criteria": {
      "has_leather": "2024-07-12 22:42:17 +0000"
    },
    "done": true
  },
  "minecraft:recipes/combat/leather_chestplate": {
    "criteria": {
      "has_leather": "2024-07-12 22:42:17 +0000"
    },
    "done": true
  },
  "minecraft:recipes/misc/leather_horse_armor": {
    "criteria": {
      "has_leather": "2024-07-12 22:42:17 +0000"
    },
    "done": true
  },
  "knightquest:recipes/misc/path_helmet": {
    "criteria": {
      "has_leather": "2024-07-12 22:42:17 +0000"
    },
    "done": true
  },
  "knightquest:recipes/misc/path_chestplate": {
    "criteria": {
      "has_leather": "2024-07-12 22:42:17 +0000"
    },
    "done": true
  },
  "minecraft:recipes/decorations/item_frame": {
    "criteria": {
      "has_leather": "2024-07-12 22:42:17 +0000"
    },
    "done": true
  },
  "minecraft:recipes/combat/leather_boots": {
    "criteria": {
      "has_leather": "2024-07-12 22:42:17 +0000"
    },
    "done": true
  },
  "knightquest:recipes/misc/conquistador_boots": {
    "criteria": {
      "has_leather": "2024-07-12 22:42:17 +0000"
    },
    "done": true
  },
  "minecraft:recipes/combat/leather_leggings": {
    "criteria": {
      "has_leather": "2024-07-12 22:42:17 +0000"
    },
    "done": true
  },
  "knightquest:recipes/misc/conquistador_chestplate": {
    "criteria": {
      "has_leather": "2024-07-12 22:42:17 +0000"
    },
    "done": true
  },
  "knightquest:recipes/misc/path_boots": {
    "criteria": {
      "has_leather": "2024-07-12 22:42:17 +0000"
    },
    "done": true
  },
  "knightquest:recipes/misc/conquistador_helmet": {
    "criteria": {
      "has_leather": "2024-07-12 22:42:17 +0000"
    },
    "done": true
  },
  "knightquest:recipes/misc/path_leggings": {
    "criteria": {
      "has_leather": "2024-07-12 22:42:17 +0000"
    },
    "done": true
  },
  "tombstone:adventure/neighborhood_brawl": {
    "criteria": {
      "coded_trigger": "2024-07-12 22:42:24 +0000"
    },
    "done": true
  },
  "tombstone:adventure/first_knowledge": {
    "criteria": {
      "coded_trigger": "2024-07-12 22:42:24 +0000"
    },
    "done": true
  },
  "minecraft:adventure/sleep_in_bed": {
    "criteria": {
      "slept_in_bed": "2024-07-12 22:42:37 +0000"
    },
    "done": true
  },
  "mekanismadditions:hurt_by_babies": {
    "criteria": {
      "baby_creeper": "2024-07-12 22:43:14 +0000"
    },
    "done": false
  },
  "knightquest:recipes/misc/nether_boots": {
    "criteria": {
      "has_nether_wart": "2024-07-12 22:48:21 +0000"
    },
    "done": true
  },
  "knightquest:recipes/misc/nether_chestplate": {
    "criteria": {
      "has_nether_wart": "2024-07-12 22:48:21 +0000"
    },
    "done": true
  },
  "irons_spellbooks:irons_spellbooks/ink_root": {
    "criteria": {
      "requirement": "2024-07-12 22:48:05 +0000"
    },
    "done": true
  },
  "minecraft:recipes/building_blocks/nether_wart_block": {
    "criteria": {
      "has_nether_wart": "2024-07-12 22:48:21 +0000"
    },
    "done": true
  },
  "minecraft:recipes/building_blocks/red_nether_bricks": {
    "criteria": {
      "has_nether_wart": "2024-07-12 22:48:21 +0000"
    },
    "done": true
  },
  "knightquest:recipes/misc/nether_leggings": {
    "criteria": {
      "has_nether_wart": "2024-07-12 22:48:21 +0000"
    },
    "done": true
  },
  "knightquest:recipes/misc/nether_helmet": {
    "criteria": {
      "has_nether_wart": "2024-07-12 22:48:21 +0000"
    },
    "done": true
  },
  "DataVersion": 3465
}